RECORDING_SESSION_LABEL	TRIAL_INDEX	CURRENT_FIX_INDEX	CURRENT_FIX_X	CURRENT_FIX_Y	CURRENT_FIX_START	CURRENT_FIX_END	CURRENT_FIX_DURATION	CURRENT_FIX_BLINK_AROUND	decision	video	outcome	prompt	answer
4	2	1	952.1	336.4	3356	3588	233	BEFORE	Left	LAMI-kids-left-missX.xvd	miss	Remember	Left
4	2	2	870.4	549	3629	3797	169	AFTER	Left	LAMI-kids-left-missX.xvd	miss	Remember	Left
4	2	3	741.2	442.9	4607	5302	696	BEFORE	Left	LAMI-kids-left-missX.xvd	miss	Remember	Left
4	2	4	717.2	401.8	5320	5862	543	NONE	Left	LAMI-kids-left-missX.xvd	miss	Remember	Left
4	2	5	661.1	467.8	5886	6261	376	NONE	Left	LAMI-kids-left-missX.xvd	miss	Remember	Left
4	2	6	700.9	379.2	6301	6450	150	NONE	Left	LAMI-kids-left-missX.xvd	miss	Remember	Left
4	2	7	844.1	328.1	6478	6610	133	NONE	Left	LAMI-kids-left-missX.xvd	miss	Remember	Left
4	2	8	933.1	345.8	6646	6825	180	NONE	Left	LAMI-kids-left-missX.xvd	miss	Remember	Left
4	2	9	868	357	6846	7456	611	NONE	Left	LAMI-kids-left-missX.xvd	miss	Remember	Left
4	2	10	493.7	738.2	7507	9066	1560	NONE	Left	LAMI-kids-left-missX.xvd	miss	Remember	Left
4	3	1	875.7	742.7	6498	6511	14	NONE	Left	LAMI-kids-left-scoreX.xvd	score	What if?	Right
4	3	2	891.2	583.5	6530	7192	663	NONE	Left	LAMI-kids-left-scoreX.xvd	score	What if?	Right
4	3	3	920.5	383.5	7239	7595	357	NONE	Left	LAMI-kids-left-scoreX.xvd	score	What if?	Right
4	3	4	827.3	544.6	7623	8172	550	NONE	Left	LAMI-kids-left-scoreX.xvd	score	What if?	Right
4	3	5	740.4	460.1	8200	9446	1247	NONE	Left	LAMI-kids-left-scoreX.xvd	score	What if?	Right
4	3	6	679.1	326.9	9476	11134	1659	NONE	Left	LAMI-kids-left-scoreX.xvd	score	What if?	Right
4	3	7	960.1	564.3	11183	11413	231	NONE	Left	LAMI-kids-left-scoreX.xvd	score	What if?	Right
4	3	8	988.4	1009.5	11464	11986	523	NONE	Left	LAMI-kids-left-scoreX.xvd	score	What if?	Right
4	3	9	534.3	1005.4	12032	12144	113	NONE	Left	LAMI-kids-left-scoreX.xvd	score	What if?	Right
4	3	10	-126.1	1037.4	12187	12453	267	AFTER	Left	LAMI-kids-left-scoreX.xvd	score	What if?	Right
4	4	1	940.1	536.9	3371	4012	642	BEFORE	Right	LAMI-kids-right-missX.xvd	miss	What if?	Left
4	4	2	1012.4	429.2	4039	4795	757	NONE	Right	LAMI-kids-right-missX.xvd	miss	What if?	Left
4	4	3	1048.3	241.8	4812	5320	509	NONE	Right	LAMI-kids-right-missX.xvd	miss	What if?	Left
4	4	4	1125.7	284.1	5345	6373	1029	NONE	Right	LAMI-kids-right-missX.xvd	miss	What if?	Left
4	4	5	1240.2	558.1	6412	6883	472	AFTER	Right	LAMI-kids-right-missX.xvd	miss	What if?	Left
4	4	6	1034.2	605.1	7072	7281	210	BEFORE	Right	LAMI-kids-right-missX.xvd	miss	What if?	Left
4	4	7	1264.5	651.2	7323	7665	343	NONE	Right	LAMI-kids-right-missX.xvd	miss	What if?	Left
4	4	8	1611.8	1051.2	7730	7917	188	NONE	Right	LAMI-kids-right-missX.xvd	miss	What if?	Left
4	4	9	1323.7	777.8	7979	8307	329	NONE	Right	LAMI-kids-right-missX.xvd	miss	What if?	Left
4	4	10	1412.5	815	8348	8541	194	NONE	Right	LAMI-kids-right-missX.xvd	miss	What if?	Left
4	4	11	1356.8	775.8	8577	9055	479	AFTER	Right	LAMI-kids-right-missX.xvd	miss	What if?	Left
4	4	12	1321.8	735.2	9199	9260	62	BOTH	Right	LAMI-kids-right-missX.xvd	miss	What if?	Left
4	5	1	1078.1	496.7	5485	5773	289	BEFORE	Right	LAMI-kids-right-missX.xvd	miss	Cause	Right
4	5	2	1030.3	419	5798	6861	1064	NONE	Right	LAMI-kids-right-missX.xvd	miss	Cause	Right
4	5	3	1021.7	139.1	6894	7379	486	NONE	Right	LAMI-kids-right-missX.xvd	miss	Cause	Right
4	5	4	1016.4	181.7	7386	7876	491	NONE	Right	LAMI-kids-right-missX.xvd	miss	Cause	Right
4	5	5	1112.6	225.2	7910	8250	341	NONE	Right	LAMI-kids-right-missX.xvd	miss	Cause	Right
4	5	6	1111.9	178.7	8261	8586	326	NONE	Right	LAMI-kids-right-missX.xvd	miss	Cause	Right
4	5	7	1207.1	236.6	8620	9562	943	NONE	Right	LAMI-kids-right-missX.xvd	miss	Cause	Right
4	5	8	2161.2	1138.1	9653	10163	511	NONE	Right	LAMI-kids-right-missX.xvd	miss	Cause	Right
4	5	9	1986.8	1291	10182	10396	215	NONE	Right	LAMI-kids-right-missX.xvd	miss	Cause	Right
4	5	10	645.8	1276.8	10497	10945	449	NONE	Right	LAMI-kids-right-missX.xvd	miss	Cause	Right
4	5	11	233	716.3	11031	11139	109	NONE	Right	LAMI-kids-right-missX.xvd	miss	Cause	Right
4	5	12	-15.6	1210.4	11267	11422	155	AFTER	Right	LAMI-kids-right-missX.xvd	miss	Cause	Right
4	6	1	698.3	442.1	3396	3617	222	BEFORE	Left	LAMI-kids-left-scoreX.xvd	score	Remember	Left
4	6	2	895.9	575.7	3661	4456	796	NONE	Left	LAMI-kids-left-scoreX.xvd	score	Remember	Left
4	6	3	863	412	4473	5166	694	NONE	Left	LAMI-kids-left-scoreX.xvd	score	Remember	Left
4	6	4	916.9	198.9	5247	5555	309	NONE	Left	LAMI-kids-left-scoreX.xvd	score	Remember	Left
4	6	5	906.9	125	5578	5917	340	NONE	Left	LAMI-kids-left-scoreX.xvd	score	Remember	Left
4	6	6	671.1	222	5947	6547	601	NONE	Left	LAMI-kids-left-scoreX.xvd	score	Remember	Left
4	6	7	645.9	318.6	6570	7606	1037	AFTER	Left	LAMI-kids-left-scoreX.xvd	score	Remember	Left
4	6	8	655.9	280.6	7769	8479	711	BEFORE	Left	LAMI-kids-left-scoreX.xvd	score	Remember	Left
4	6	9	644.3	377.7	8507	8685	179	NONE	Left	LAMI-kids-left-scoreX.xvd	score	Remember	Left
4	6	10	668.1	299.7	8708	8944	237	NONE	Left	LAMI-kids-left-scoreX.xvd	score	Remember	Left
4	6	11	1332.6	340.8	9010	9240	231	AFTER	Left	LAMI-kids-left-scoreX.xvd	score	Remember	Left
4	7	1	848.3	534.2	3907	4274	368	BEFORE	Left	LAMI-kids-left-missX.xvd	miss	Remember	Left
4	7	2	878.9	574.7	4305	5091	787	NONE	Left	LAMI-kids-left-missX.xvd	miss	Remember	Left
4	7	3	789.4	457.1	5114	5864	751	NONE	Left	LAMI-kids-left-missX.xvd	miss	Remember	Left
4	7	4	720.2	324.4	5894	6523	630	NONE	Left	LAMI-kids-left-missX.xvd	miss	Remember	Left
4	7	5	667.7	53.8	6532	6918	387	AFTER	Left	LAMI-kids-left-missX.xvd	miss	Remember	Left
4	7	6	693.4	-77.6	7066	7234	169	BEFORE	Left	LAMI-kids-left-missX.xvd	miss	Remember	Left
4	7	7	678.1	20.1	7256	7281	26	AFTER	Left	LAMI-kids-left-missX.xvd	miss	Remember	Left
4	7	8	-267.2	-66.6	7706	7799	94	BEFORE	Left	LAMI-kids-left-missX.xvd	miss	Remember	Left
4	7	9	257.3	40.4	7855	7976	122	NONE	Left	LAMI-kids-left-missX.xvd	miss	Remember	Left
4	7	10	21.5	-65.8	8013	8256	244	NONE	Left	LAMI-kids-left-missX.xvd	miss	Remember	Left
4	7	11	685.1	367.8	8466	8626	161	AFTER	Left	LAMI-kids-left-missX.xvd	miss	Remember	Left
4	7	12	1558.5	632.5	8826	9040	215	BEFORE	Left	LAMI-kids-left-missX.xvd	miss	Remember	Left
4	7	13	1740	1215.7	9098	9724	627	NONE	Left	LAMI-kids-left-missX.xvd	miss	Remember	Left
4	8	1	826.3	508.4	3370	3703	334	BEFORE	Right	LAMI-kids-right-scoreX.xvd	score	Remember	Right
4	8	2	942	536.8	3729	4294	566	AFTER	Right	LAMI-kids-right-scoreX.xvd	score	Remember	Right
4	8	3	889.3	627.9	4558	4693	136	BEFORE	Right	LAMI-kids-right-scoreX.xvd	score	Remember	Right
4	8	4	904.5	420.2	4702	5757	1056	NONE	Right	LAMI-kids-right-scoreX.xvd	score	Remember	Right
4	8	5	1117.4	427.4	5785	6144	360	NONE	Right	LAMI-kids-right-scoreX.xvd	score	Remember	Right
4	8	6	1149.3	339.9	6166	7186	1021	NONE	Right	LAMI-kids-right-scoreX.xvd	score	Remember	Right
4	8	7	1217.5	346.8	7211	7817	607	AFTER	Right	LAMI-kids-right-scoreX.xvd	score	Remember	Right
4	8	8	1192	325.6	7999	8453	455	BEFORE	Right	LAMI-kids-right-scoreX.xvd	score	Remember	Right
4	8	9	1365.4	41.2	8509	8644	136	NONE	Right	LAMI-kids-right-scoreX.xvd	score	Remember	Right
4	8	10	1436.3	-280.2	8684	9016	333	NONE	Right	LAMI-kids-right-scoreX.xvd	score	Remember	Right
4	8	11	1262.6	185.5	9070	9145	76	NONE	Right	LAMI-kids-right-scoreX.xvd	score	Remember	Right
4	8	12	1067.6	417.1	9193	9322	129	NONE	Right	LAMI-kids-right-scoreX.xvd	score	Remember	Right
4	9	1	1084.7	562	3886	4119	234	BEFORE	Right	LAMI-kids-right-scoreX.xvd	score	Cause	Right
4	9	2	909.1	538.6	4158	4850	693	NONE	Right	LAMI-kids-right-scoreX.xvd	score	Cause	Right
4	9	3	893.5	484.1	4930	5143	214	NONE	Right	LAMI-kids-right-scoreX.xvd	score	Cause	Right
4	9	4	1061.3	338.9	5183	5959	777	NONE	Right	LAMI-kids-right-scoreX.xvd	score	Cause	Right
4	9	5	1066.4	296	5994	6998	1005	NONE	Right	LAMI-kids-right-scoreX.xvd	score	Cause	Right
4	9	6	1163.2	343.4	7031	7573	543	AFTER	Right	LAMI-kids-right-scoreX.xvd	score	Cause	Right
4	9	7	1216.7	406.3	7749	7963	215	BOTH	Right	LAMI-kids-right-scoreX.xvd	score	Cause	Right
4	9	8	1089.8	284	8182	8435	254	BOTH	Right	LAMI-kids-right-scoreX.xvd	score	Cause	Right
4	9	9	969.1	265	8627	8791	165	BOTH	Right	LAMI-kids-right-scoreX.xvd	score	Cause	Right
4	9	10	723.4	357.3	8991	9295	305	BOTH	Right	LAMI-kids-right-scoreX.xvd	score	Cause	Right
4	9	11	1102.2	1173.3	9531	9857	326	BEFORE	Right	LAMI-kids-right-scoreX.xvd	score	Cause	Right
4	11	1	933.4	698.3	3928	4214	287	BEFORE	Right	LAMI-kids-right-scoreX.xvd	score	What if?	Right
4	11	2	946.3	499.4	4240	5576	1337	NONE	Right	LAMI-kids-right-scoreX.xvd	score	What if?	Right
4	11	3	1016	250	5597	5757	161	NONE	Right	LAMI-kids-right-scoreX.xvd	score	What if?	Right
4	11	4	994.4	426.4	5797	5890	94	AFTER	Right	LAMI-kids-right-scoreX.xvd	score	What if?	Right
4	11	5	956.7	297.4	5957	6064	108	BEFORE	Right	LAMI-kids-right-scoreX.xvd	score	What if?	Right
4	11	6	912	220.5	6137	6160	24	NONE	Right	LAMI-kids-right-scoreX.xvd	score	What if?	Right
4	11	7	1027.5	130.1	6274	6398	125	NONE	Right	LAMI-kids-right-scoreX.xvd	score	What if?	Right
4	11	8	1115.5	160.3	6432	6898	467	NONE	Right	LAMI-kids-right-scoreX.xvd	score	What if?	Right
4	11	9	1145.8	172.1	6928	7464	537	NONE	Right	LAMI-kids-right-scoreX.xvd	score	What if?	Right
4	11	10	1149	129.5	7478	7517	40	NONE	Right	LAMI-kids-right-scoreX.xvd	score	What if?	Right
4	11	11	1108.9	212.4	7612	7656	45	NONE	Right	LAMI-kids-right-scoreX.xvd	score	What if?	Right
4	11	12	1137.3	231	7663	7746	84	AFTER	Right	LAMI-kids-right-scoreX.xvd	score	What if?	Right
4	11	13	1090.3	745	7942	7990	49	BEFORE	Right	LAMI-kids-right-scoreX.xvd	score	What if?	Right
4	11	14	1115	895.7	8011	8049	39	AFTER	Right	LAMI-kids-right-scoreX.xvd	score	What if?	Right
4	11	15	945.4	312.7	8353	8511	159	BOTH	Right	LAMI-kids-right-scoreX.xvd	score	What if?	Right
4	11	16	1074.1	337	8704	8793	90	BEFORE	Right	LAMI-kids-right-scoreX.xvd	score	What if?	Right
4	11	17	1229.6	280.8	8827	9281	455	AFTER	Right	LAMI-kids-right-scoreX.xvd	score	What if?	Right
4	11	18	1397.8	-256.4	9450	9570	121	BEFORE	Right	LAMI-kids-right-scoreX.xvd	score	What if?	Right
4	11	19	1191.5	280.2	9620	9867	248	NONE	Right	LAMI-kids-right-scoreX.xvd	score	What if?	Right
4	11	20	1259.5	320.6	9903	9928	25	NONE	Right	LAMI-kids-right-scoreX.xvd	score	What if?	Right
4	12	1	777.1	635.1	7752	8128	377	BEFORE	Left	LAMI-kids-left-scoreX.xvd	score	Cause	Left
4	12	2	840.7	557.7	8150	8659	510	AFTER	Left	LAMI-kids-left-scoreX.xvd	score	Cause	Left
4	12	3	752.4	768.5	8897	8971	75	BEFORE	Left	LAMI-kids-left-scoreX.xvd	score	Cause	Left
4	12	4	749.3	638.4	8994	9151	158	NONE	Left	LAMI-kids-left-scoreX.xvd	score	Cause	Left
4	12	5	746.3	588.9	9170	9196	27	NONE	Left	LAMI-kids-left-scoreX.xvd	score	Cause	Left
4	12	6	731.4	761.1	9224	9292	69	NONE	Left	LAMI-kids-left-scoreX.xvd	score	Cause	Left
4	12	7	728.1	573	9308	9381	74	NONE	Left	LAMI-kids-left-scoreX.xvd	score	Cause	Left
4	12	8	730	421.8	9390	9679	290	NONE	Left	LAMI-kids-left-scoreX.xvd	score	Cause	Left
4	12	9	728.6	431.7	9701	9729	29	NONE	Left	LAMI-kids-left-scoreX.xvd	score	Cause	Left
4	12	10	728.5	241.8	9770	10228	459	NONE	Left	LAMI-kids-left-scoreX.xvd	score	Cause	Left
4	12	11	758.6	305.7	10241	10564	324	AFTER	Left	LAMI-kids-left-scoreX.xvd	score	Cause	Left
4	12	12	814.6	692.1	11447	11671	225	BEFORE	Left	LAMI-kids-left-scoreX.xvd	score	Cause	Left
4	12	13	701.7	291.5	11730	11935	206	AFTER	Left	LAMI-kids-left-scoreX.xvd	score	Cause	Left
4	12	14	611.8	280.1	12150	12648	499	BEFORE	Left	LAMI-kids-left-scoreX.xvd	score	Cause	Left
4	12	15	534.5	303.2	12668	12708	41	NONE	Left	LAMI-kids-left-scoreX.xvd	score	Cause	Left
4	12	16	615.2	282	12725	13464	740	NONE	Left	LAMI-kids-left-scoreX.xvd	score	Cause	Left
4	12	17	830	346.8	13493	13751	258	NONE	Left	LAMI-kids-left-scoreX.xvd	score	Cause	Left
1	1	1	756	765.7	26402	26572	171	BEFORE	Left	LAMI-kids-left-missX.xvd	miss	Remember	Left
1	1	2	809.6	439.7	26623	26927	305	NONE	Left	LAMI-kids-left-missX.xvd	miss	Remember	Left
1	1	3	877.2	537.8	26952	28020	1069	NONE	Left	LAMI-kids-left-missX.xvd	miss	Remember	Left
1	1	4	804.5	469	28041	28980	940	NONE	Left	LAMI-kids-left-missX.xvd	miss	Remember	Left
1	1	5	669.9	620.6	29004	30864	1861	NONE	Left	LAMI-kids-left-missX.xvd	miss	Remember	Left
1	1	6	625.8	686.4	30895	31570	676	NONE	Left	LAMI-kids-left-missX.xvd	miss	Remember	Left
1	1	7	582.4	840.4	31609	32320	712	NONE	Left	LAMI-kids-left-missX.xvd	miss	Remember	Left
1	1	8	790.9	415.8	32376	32399	23	NONE	Left	LAMI-kids-left-missX.xvd	miss	Remember	Left
1	2	1	1023.6	578.2	7243	7445	203	BEFORE	Left	LAMI-kids-left-missX.xvd	miss	What if?	Left
1	2	2	908.7	623.1	7483	7657	175	NONE	Left	LAMI-kids-left-missX.xvd	miss	What if?	Left
1	2	3	925.9	456.3	7702	8194	493	NONE	Left	LAMI-kids-left-missX.xvd	miss	What if?	Left
1	2	4	834	484.6	8217	10042	1826	NONE	Left	LAMI-kids-left-missX.xvd	miss	What if?	Left
1	2	5	653.6	644.9	10083	10715	633	NONE	Left	LAMI-kids-left-missX.xvd	miss	What if?	Left
1	2	6	754.7	520.9	10744	11114	371	NONE	Left	LAMI-kids-left-missX.xvd	miss	What if?	Left
1	2	7	632.7	768.5	11156	11530	375	NONE	Left	LAMI-kids-left-missX.xvd	miss	What if?	Left
1	2	8	588.2	769	11549	13243	1694	NONE	Left	LAMI-kids-left-missX.xvd	miss	What if?	Left
1	3	1	1165.5	539.8	4944	5165	222	NONE	Right	LAMI-kids-right-scoreX.xvd	score	What if?	Right
1	3	2	1033.7	579.3	5206	6119	914	NONE	Right	LAMI-kids-right-scoreX.xvd	score	What if?	Right
1	3	3	1167.9	345.7	6150	6505	356	NONE	Right	LAMI-kids-right-scoreX.xvd	score	What if?	Right
1	3	4	1094.8	478.8	6530	6944	415	NONE	Right	LAMI-kids-right-scoreX.xvd	score	What if?	Right
1	3	5	1200.7	368.5	6969	7457	489	NONE	Right	LAMI-kids-right-scoreX.xvd	score	What if?	Right
1	3	6	1147.2	382.7	7490	7767	278	NONE	Right	LAMI-kids-right-scoreX.xvd	score	What if?	Right
1	3	7	1225.2	304.5	7791	10179	2389	NONE	Right	LAMI-kids-right-scoreX.xvd	score	What if?	Right
1	3	8	1268.6	294.5	10202	10916	715	NONE	Right	LAMI-kids-right-scoreX.xvd	score	What if?	Right
1	3	9	1252.3	280.6	10928	10943	15	NONE	Right	LAMI-kids-right-scoreX.xvd	score	What if?	Right
1	4	1	778.5	455.8	5341	5634	294	NONE	Left	LAMI-kids-left-scoreX.xvd	score	What if?	Right
1	4	2	933.2	422.6	5675	5893	219	NONE	Left	LAMI-kids-left-scoreX.xvd	score	What if?	Right
1	4	3	927.1	586.7	5923	6117	195	AFTER	Left	LAMI-kids-left-scoreX.xvd	score	What if?	Right
1	4	4	834.1	423.8	6349	7911	1563	BEFORE	Left	LAMI-kids-left-scoreX.xvd	score	What if?	Right
1	4	5	693.5	301.5	7944	10528	2585	AFTER	Left	LAMI-kids-left-scoreX.xvd	score	What if?	Right
1	4	6	718.9	291.2	10699	10887	189	BEFORE	Left	LAMI-kids-left-scoreX.xvd	score	What if?	Right
1	4	7	964.6	353.2	10928	11340	412	NONE	Left	LAMI-kids-left-scoreX.xvd	score	What if?	Right
1	5	1	659.3	263	5115	5212	98	NONE	Left	LAMI-kids-left-scoreX.xvd	score	Cause	Left
1	5	2	818	475.4	5268	5461	194	NONE	Left	LAMI-kids-left-scoreX.xvd	score	Cause	Left
1	5	3	937.3	605.9	5500	5741	242	NONE	Left	LAMI-kids-left-scoreX.xvd	score	Cause	Left
1	5	4	882.9	554.4	5773	6468	696	NONE	Left	LAMI-kids-left-scoreX.xvd	score	Cause	Left
1	5	5	889.2	390.2	6506	6703	198	NONE	Left	LAMI-kids-left-scoreX.xvd	score	Cause	Left
1	5	6	949.4	380.4	6727	7432	706	AFTER	Left	LAMI-kids-left-scoreX.xvd	score	Cause	Left
1	5	7	922.5	596	7641	7769	129	BEFORE	Left	LAMI-kids-left-scoreX.xvd	score	Cause	Left
1	5	8	756.8	424.9	7797	8284	488	NONE	Left	LAMI-kids-left-scoreX.xvd	score	Cause	Left
1	5	9	672.3	294.1	8318	11115	2797	AFTER	Left	LAMI-kids-left-scoreX.xvd	score	Cause	Left
1	6	1	815.9	509.2	6460	6803	344	NONE	Left	LAMI-kids-left-scoreX.xvd	score	Cause	Left
1	6	2	881.3	586.7	6840	7908	1069	NONE	Left	LAMI-kids-left-scoreX.xvd	score	Cause	Left
1	6	3	824.8	585.5	7918	7948	31	NONE	Left	LAMI-kids-left-scoreX.xvd	score	Cause	Left
1	6	4	1396.8	575.7	8001	8462	462	NONE	Left	LAMI-kids-left-scoreX.xvd	score	Cause	Left
1	6	5	1806.7	299.2	8517	8658	142	NONE	Left	LAMI-kids-left-scoreX.xvd	score	Cause	Left
1	6	6	2075.9	268	8687	9200	514	NONE	Left	LAMI-kids-left-scoreX.xvd	score	Cause	Left
1	6	7	828	374.6	9280	9487	208	AFTER	Left	LAMI-kids-left-scoreX.xvd	score	Cause	Left
1	6	8	750.6	354.7	9627	10457	831	BEFORE	Left	LAMI-kids-left-scoreX.xvd	score	Cause	Left
1	6	9	661.2	256.2	10493	11602	1110	NONE	Left	LAMI-kids-left-scoreX.xvd	score	Cause	Left
1	6	10	1452.7	995.5	11677	12301	625	NONE	Left	LAMI-kids-left-scoreX.xvd	score	Cause	Left
1	6	11	774.2	1232	12352	12460	108	NONE	Left	LAMI-kids-left-scoreX.xvd	score	Cause	Left
1	7	1	1214.4	207.2	5277	5475	199	NONE	Right	LAMI-kids-right-missX.xvd	miss	Cause	Left
1	7	2	1050.8	484.1	5523	5896	374	NONE	Right	LAMI-kids-right-missX.xvd	miss	Cause	Left
1	7	3	1029.3	535.8	5923	6492	570	NONE	Right	LAMI-kids-right-missX.xvd	miss	Cause	Left
1	7	4	1114.2	451.9	6515	7759	1245	NONE	Right	LAMI-kids-right-missX.xvd	miss	Cause	Left
1	7	5	1266.8	638.1	7797	8214	418	NONE	Right	LAMI-kids-right-missX.xvd	miss	Cause	Left
1	7	6	1373.5	725.7	8250	9345	1096	NONE	Right	LAMI-kids-right-missX.xvd	miss	Cause	Left
1	7	7	1353.9	733.1	9369	10040	672	NONE	Right	LAMI-kids-right-missX.xvd	miss	Cause	Left
1	7	8	1374	794.5	10059	11057	999	NONE	Right	LAMI-kids-right-missX.xvd	miss	Cause	Left
1	7	9	1376.2	819.2	11064	11277	213	NONE	Right	LAMI-kids-right-missX.xvd	miss	Cause	Left
1	8	1	984.9	440.5	5404	5835	432	NONE	Right	LAMI-kids-right-missX.xvd	miss	Cause	Left
1	8	2	1029.6	565.3	5861	6992	1132	NONE	Right	LAMI-kids-right-missX.xvd	miss	Cause	Left
1	8	3	1214.4	456.4	7019	8388	1370	NONE	Right	LAMI-kids-right-missX.xvd	miss	Cause	Left
1	8	4	1367.3	804.9	8424	9273	850	NONE	Right	LAMI-kids-right-missX.xvd	miss	Cause	Left
1	8	5	1541.3	1145.9	9314	9586	273	NONE	Right	LAMI-kids-right-missX.xvd	miss	Cause	Left
1	8	6	1376.8	720.5	9647	11404	1757	NONE	Right	LAMI-kids-right-missX.xvd	miss	Cause	Left
1	9	1	824.3	383.9	3432	3481	50	NONE	Left	LAMI-kids-left-scoreX.xvd	score	Remember	Left
1	9	2	767.9	497.4	3520	3732	213	NONE	Left	LAMI-kids-left-scoreX.xvd	score	Remember	Left
1	9	3	881.7	518.2	3768	3974	207	NONE	Left	LAMI-kids-left-scoreX.xvd	score	Remember	Left
1	9	4	882.1	547.2	3998	5231	1234	NONE	Left	LAMI-kids-left-scoreX.xvd	score	Remember	Left
1	9	5	937.4	402.2	5254	5577	324	NONE	Left	LAMI-kids-left-scoreX.xvd	score	Remember	Left
1	9	6	950.6	405.9	5589	6038	450	NONE	Left	LAMI-kids-left-scoreX.xvd	score	Remember	Left
1	9	7	739.1	395.6	6070	6848	779	NONE	Left	LAMI-kids-left-scoreX.xvd	score	Remember	Left
1	9	8	637.3	308.1	6870	9431	2561	NONE	Left	LAMI-kids-left-scoreX.xvd	score	Remember	Left
1	10	1	893	469.5	6263	6796	534	NONE	Left	LAMI-kids-left-missX.xvd	miss	Remember	Left
1	10	2	878.2	604.8	6822	7028	207	AFTER	Left	LAMI-kids-left-missX.xvd	miss	Remember	Left
1	10	3	843.1	460	7228	8733	1506	BEFORE	Left	LAMI-kids-left-missX.xvd	miss	Remember	Left
1	10	4	702.4	589	8769	10032	1264	NONE	Left	LAMI-kids-left-missX.xvd	miss	Remember	Left
1	10	5	582.1	822.9	10071	10203	133	NONE	Left	LAMI-kids-left-missX.xvd	miss	Remember	Left
1	10	6	643.8	697.9	10227	10521	295	NONE	Left	LAMI-kids-left-missX.xvd	miss	Remember	Left
1	10	7	1109.2	1094.1	10577	10983	407	NONE	Left	LAMI-kids-left-missX.xvd	miss	Remember	Left
1	10	8	711.9	628.4	11054	11251	198	NONE	Left	LAMI-kids-left-missX.xvd	miss	Remember	Left
1	10	9	603	759.7	11278	11817	540	NONE	Left	LAMI-kids-left-missX.xvd	miss	Remember	Left
1	10	10	905.8	1143.8	11869	12262	393	NONE	Left	LAMI-kids-left-missX.xvd	miss	Remember	Left
1	11	1	1113.9	461	4323	4778	456	NONE	Right	LAMI-kids-right-missX.xvd	miss	What if?	Left
1	11	2	1002.6	560.9	4817	5867	1051	NONE	Right	LAMI-kids-right-missX.xvd	miss	What if?	Left
1	11	3	1170.2	474.9	5901	7138	1238	NONE	Right	LAMI-kids-right-missX.xvd	miss	What if?	Left
1	11	4	1338	644.7	7164	7599	436	NONE	Right	LAMI-kids-right-missX.xvd	miss	What if?	Left
1	11	5	1351.7	745.7	7620	9048	1429	NONE	Right	LAMI-kids-right-missX.xvd	miss	What if?	Left
1	11	6	1329.7	809.2	9071	9824	754	NONE	Right	LAMI-kids-right-missX.xvd	miss	What if?	Left
1	11	7	1562.8	1068.8	9861	10108	248	AFTER	Right	LAMI-kids-right-missX.xvd	miss	What if?	Left
1	12	1	767.2	372.8	4132	4434	303	NONE	Left	LAMI-kids-left-scoreX.xvd	score	Remember	Left
1	12	2	913.5	422	4473	4664	192	NONE	Left	LAMI-kids-left-scoreX.xvd	score	Remember	Left
1	12	3	873.5	557.5	4691	5483	793	NONE	Left	LAMI-kids-left-scoreX.xvd	score	Remember	Left
1	12	4	908.7	379.1	5508	6255	748	NONE	Left	LAMI-kids-left-scoreX.xvd	score	Remember	Left
1	12	5	795.6	401.2	6279	6859	581	NONE	Left	LAMI-kids-left-scoreX.xvd	score	Remember	Left
1	12	6	656.5	319.6	6905	7227	323	NONE	Left	LAMI-kids-left-scoreX.xvd	score	Remember	Left
1	12	7	714.6	321.1	7248	7859	612	NONE	Left	LAMI-kids-left-scoreX.xvd	score	Remember	Left
1	12	8	699.1	292.8	7874	8835	962	NONE	Left	LAMI-kids-left-scoreX.xvd	score	Remember	Left
1	12	9	653.3	314.5	8857	9336	480	NONE	Left	LAMI-kids-left-scoreX.xvd	score	Remember	Left
1	12	10	916.6	356.7	9370	9657	288	NONE	Left	LAMI-kids-left-scoreX.xvd	score	Remember	Left
1	12	11	689.1	279.1	9686	9968	283	NONE	Left	LAMI-kids-left-scoreX.xvd	score	Remember	Left
1	12	12	983.1	366.4	10001	10132	131	NONE	Left	LAMI-kids-left-scoreX.xvd	score	Remember	Left
2	1	1	992.9	618.5	25148	25540	393	NONE	Left	LAMI-kids-left-missX.xvd	miss	Cause	Right
2	1	2	847.5	484	25593	26414	822	NONE	Left	LAMI-kids-left-missX.xvd	miss	Cause	Right
2	1	3	765.6	537	26445	28084	1640	NONE	Left	LAMI-kids-left-missX.xvd	miss	Cause	Right
2	1	4	614.6	540.4	28128	28506	379	NONE	Left	LAMI-kids-left-missX.xvd	miss	Cause	Right
2	1	5	760.5	509.5	28553	28702	150	NONE	Left	LAMI-kids-left-missX.xvd	miss	Cause	Right
2	1	6	675.8	588.5	28740	29215	476	NONE	Left	LAMI-kids-left-missX.xvd	miss	Cause	Right
2	1	7	582.4	737.4	29254	29508	255	NONE	Left	LAMI-kids-left-missX.xvd	miss	Cause	Right
2	1	8	553.3	735.1	29542	29810	269	NONE	Left	LAMI-kids-left-missX.xvd	miss	Cause	Right
2	1	9	569.2	796.7	29832	30685	854	NONE	Left	LAMI-kids-left-missX.xvd	miss	Cause	Right
2	1	10	585.5	813.4	30702	31036	335	NONE	Left	LAMI-kids-left-missX.xvd	miss	Cause	Right
2	1	11	901.1	326.4	31119	31148	29	NONE	Left	LAMI-kids-left-missX.xvd	miss	Cause	Right
2	2	1	626.3	209.5	10453	10506	54	NONE	Left	LAMI-kids-left-missX.xvd	miss	What if?	Left
2	2	2	989	613.3	10572	10789	218	NONE	Left	LAMI-kids-left-missX.xvd	miss	What if?	Left
2	2	3	793.7	347.2	10864	11411	548	NONE	Left	LAMI-kids-left-missX.xvd	miss	What if?	Left
2	2	4	989.7	470.8	11471	11670	200	NONE	Left	LAMI-kids-left-missX.xvd	miss	What if?	Left
2	2	5	898.3	523	11697	12058	362	NONE	Left	LAMI-kids-left-missX.xvd	miss	What if?	Left
2	2	6	762.9	426.5	12094	12832	739	NONE	Left	LAMI-kids-left-missX.xvd	miss	What if?	Left
2	2	7	977.9	1003.8	12910	13155	246	NONE	Left	LAMI-kids-left-missX.xvd	miss	What if?	Left
2	2	8	850	641.2	13240	13366	127	NONE	Left	LAMI-kids-left-missX.xvd	miss	What if?	Left
2	2	9	819.8	601.1	13398	13557	160	NONE	Left	LAMI-kids-left-missX.xvd	miss	What if?	Left
2	2	10	1043.2	1027.6	13623	13940	318	NONE	Left	LAMI-kids-left-missX.xvd	miss	What if?	Left
2	2	11	923.9	973.1	13988	14099	112	NONE	Left	LAMI-kids-left-missX.xvd	miss	What if?	Left
2	2	12	720.5	664.8	14174	14768	595	NONE	Left	LAMI-kids-left-missX.xvd	miss	What if?	Left
2	2	13	629.6	717.4	14805	15045	241	NONE	Left	LAMI-kids-left-missX.xvd	miss	What if?	Left
2	2	14	-67.3	367.4	15124	15251	128	NONE	Left	LAMI-kids-left-missX.xvd	miss	What if?	Left
2	2	15	-288	336.2	15277	15603	327	NONE	Left	LAMI-kids-left-missX.xvd	miss	What if?	Left
2	2	16	867.9	469.2	15688	15965	278	NONE	Left	LAMI-kids-left-missX.xvd	miss	What if?	Left
2	2	17	641.8	759.9	16026	16249	224	NONE	Left	LAMI-kids-left-missX.xvd	miss	What if?	Left
2	2	18	620.1	808.8	16279	16452	173	NONE	Left	LAMI-kids-left-missX.xvd	miss	What if?	Left
2	3	1	724.3	419.7	5234	5539	306	NONE	Left	LAMI-kids-left-scoreX.xvd	score	Cause	Left
2	3	2	908.1	554.8	5596	6222	627	NONE	Left	LAMI-kids-left-scoreX.xvd	score	Cause	Left
2	3	3	612.9	301.1	6254	6677	424	NONE	Left	LAMI-kids-left-scoreX.xvd	score	Cause	Left
2	3	4	852.9	402.9	6736	7100	365	NONE	Left	LAMI-kids-left-scoreX.xvd	score	Cause	Left
2	3	5	596.2	276	7136	7544	409	NONE	Left	LAMI-kids-left-scoreX.xvd	score	Cause	Left
2	3	6	734.5	358.3	7584	8174	591	NONE	Left	LAMI-kids-left-scoreX.xvd	score	Cause	Left
2	3	7	647.7	295.9	8200	9236	1037	NONE	Left	LAMI-kids-left-scoreX.xvd	score	Cause	Left
2	3	8	921.9	258.7	9284	9817	534	NONE	Left	LAMI-kids-left-scoreX.xvd	score	Cause	Left
2	3	9	639.2	258.9	9854	10308	455	NONE	Left	LAMI-kids-left-scoreX.xvd	score	Cause	Left
2	3	10	589.9	74.4	10349	11038	690	NONE	Left	LAMI-kids-left-scoreX.xvd	score	Cause	Left
2	3	11	638.5	61.5	11058	11234	176	NONE	Left	LAMI-kids-left-scoreX.xvd	score	Cause	Left
2	4	1	793.5	272.7	8532	9126	595	BEFORE	Left	LAMI-kids-left-scoreX.xvd	score	What if?	Right
2	4	2	906	555	9190	9605	416	NONE	Left	LAMI-kids-left-scoreX.xvd	score	What if?	Right
2	4	3	787.1	309.8	9648	10289	642	NONE	Left	LAMI-kids-left-scoreX.xvd	score	What if?	Right
2	4	4	763.2	297.4	10312	11086	775	NONE	Left	LAMI-kids-left-scoreX.xvd	score	What if?	Right
2	4	5	695.9	334.8	11123	11643	521	NONE	Left	LAMI-kids-left-scoreX.xvd	score	What if?	Right
2	4	6	627.1	281.3	11667	12258	592	NONE	Left	LAMI-kids-left-scoreX.xvd	score	What if?	Right
2	4	7	815.3	324.2	12287	12459	173	NONE	Left	LAMI-kids-left-scoreX.xvd	score	What if?	Right
2	4	8	645.6	338.2	12488	13436	949	NONE	Left	LAMI-kids-left-scoreX.xvd	score	What if?	Right
2	4	9	647.9	374	13460	13667	208	NONE	Left	LAMI-kids-left-scoreX.xvd	score	What if?	Right
2	4	10	645.9	364.9	13824	14296	473	NONE	Left	LAMI-kids-left-scoreX.xvd	score	What if?	Right
2	4	11	824	194.6	14356	14501	146	AFTER	Left	LAMI-kids-left-scoreX.xvd	score	What if?	Right
2	5	1	988	519.8	6054	7670	1617	NONE	Right	LAMI-kids-right-scoreX.xvd	score	Cause	Left
2	5	2	1096	482.7	7706	7941	236	NONE	Right	LAMI-kids-right-scoreX.xvd	score	Cause	Left
2	5	3	1133.5	312.2	8000	8275	276	NONE	Right	LAMI-kids-right-scoreX.xvd	score	Cause	Left
2	5	4	1257.9	313.7	8313	8784	472	NONE	Right	LAMI-kids-right-scoreX.xvd	score	Cause	Left
2	5	5	1179.7	348.7	8822	9457	636	NONE	Right	LAMI-kids-right-scoreX.xvd	score	Cause	Left
2	5	6	1224.1	345	9493	10677	1185	AFTER	Right	LAMI-kids-right-scoreX.xvd	score	Cause	Left
2	6	1	749.9	461.2	5146	5488	343	BEFORE	Left	LAMI-kids-left-scoreX.xvd	score	What if?	Right
2	6	2	932.1	573.8	5545	6178	634	NONE	Left	LAMI-kids-left-scoreX.xvd	score	What if?	Right
2	6	3	625.1	376.9	6230	6657	428	NONE	Left	LAMI-kids-left-scoreX.xvd	score	What if?	Right
2	6	4	809.2	428.5	6701	7018	318	NONE	Left	LAMI-kids-left-scoreX.xvd	score	What if?	Right
2	6	5	552.3	387.1	7064	7334	271	NONE	Left	LAMI-kids-left-scoreX.xvd	score	What if?	Right
2	6	6	-281	297.6	7393	7669	277	NONE	Left	LAMI-kids-left-scoreX.xvd	score	What if?	Right
2	6	7	820.5	346.7	7754	7877	124	NONE	Left	LAMI-kids-left-scoreX.xvd	score	What if?	Right
2	6	8	681.3	321.9	7935	8181	247	NONE	Left	LAMI-kids-left-scoreX.xvd	score	What if?	Right
2	6	9	791.4	187	8255	8293	39	NONE	Left	LAMI-kids-left-scoreX.xvd	score	What if?	Right
2	6	10	1832.5	285.6	8436	8604	169	NONE	Left	LAMI-kids-left-scoreX.xvd	score	What if?	Right
2	6	11	719.2	283.3	8683	8882	200	NONE	Left	LAMI-kids-left-scoreX.xvd	score	What if?	Right
2	6	12	648.8	389.7	8917	11031	2115	NONE	Left	LAMI-kids-left-scoreX.xvd	score	What if?	Right
2	6	13	680.7	400.8	11076	11131	55	NONE	Left	LAMI-kids-left-scoreX.xvd	score	What if?	Right
2	7	1	663.8	391.2	10582	10858	277	NONE	Left	LAMI-kids-left-scoreX.xvd	score	Remember	Left
2	7	2	912.3	594.2	10919	11719	801	NONE	Left	LAMI-kids-left-scoreX.xvd	score	Remember	Left
2	7	3	1147.2	1030.2	11768	11943	176	NONE	Left	LAMI-kids-left-scoreX.xvd	score	Remember	Left
2	7	4	855.6	530.3	12024	12518	495	NONE	Left	LAMI-kids-left-scoreX.xvd	score	Remember	Left
2	7	5	1457.7	1095.1	12574	12758	185	NONE	Left	LAMI-kids-left-scoreX.xvd	score	Remember	Left
2	7	6	820.6	404.7	12853	13270	418	AFTER	Left	LAMI-kids-left-scoreX.xvd	score	Remember	Left
2	7	7	784.8	259.4	14883	15117	235	BEFORE	Left	LAMI-kids-left-scoreX.xvd	score	Remember	Left
2	7	8	695.4	297.7	15145	15958	814	NONE	Left	LAMI-kids-left-scoreX.xvd	score	Remember	Left
2	7	9	1201.1	1084.9	16040	16174	135	AFTER	Left	LAMI-kids-left-scoreX.xvd	score	Remember	Left
2	8	1	700	335.5	8924	9160	237	NONE	Left	LAMI-kids-left-scoreX.xvd	score	Remember	Left
2	8	2	880.2	497.8	9222	10773	1552	NONE	Left	LAMI-kids-left-scoreX.xvd	score	Remember	Left
2	8	3	725.8	275.8	10814	11251	438	NONE	Left	LAMI-kids-left-scoreX.xvd	score	Remember	Left
2	8	4	781.5	361.6	11285	11529	245	NONE	Left	LAMI-kids-left-scoreX.xvd	score	Remember	Left
2	8	5	1287.2	487.4	11598	11773	176	NONE	Left	LAMI-kids-left-scoreX.xvd	score	Remember	Left
2	8	6	822.2	374.1	11833	12154	322	NONE	Left	LAMI-kids-left-scoreX.xvd	score	Remember	Left
2	8	7	694.3	395.1	12182	12975	794	NONE	Left	LAMI-kids-left-scoreX.xvd	score	Remember	Left
2	8	8	579.1	296.1	13019	13388	370	AFTER	Left	LAMI-kids-left-scoreX.xvd	score	Remember	Left
2	8	9	512.1	108.2	14240	14632	393	BEFORE	Left	LAMI-kids-left-scoreX.xvd	score	Remember	Left
2	8	10	626.4	237.5	14709	14859	151	AFTER	Left	LAMI-kids-left-scoreX.xvd	score	Remember	Left
2	9	1	1095.6	486.1	6176	6791	616	NONE	Right	LAMI-kids-right-missX.xvd	miss	Remember	Right
2	9	2	1010.6	545.4	6830	7051	222	NONE	Right	LAMI-kids-right-missX.xvd	miss	Remember	Right
2	9	3	1023.2	369	7076	7105	30	NONE	Right	LAMI-kids-right-missX.xvd	miss	Remember	Right
2	9	4	1034.7	344	7112	7591	480	NONE	Right	LAMI-kids-right-missX.xvd	miss	Remember	Right
2	9	5	1139.3	295.3	7633	8806	1174	NONE	Right	LAMI-kids-right-missX.xvd	miss	Remember	Right
2	9	6	1309.8	416.8	8854	9295	442	NONE	Right	LAMI-kids-right-missX.xvd	miss	Remember	Right
2	9	7	1238.9	532.8	9331	10111	781	NONE	Right	LAMI-kids-right-missX.xvd	miss	Remember	Right
2	9	8	1318.4	690.8	10170	10344	175	NONE	Right	LAMI-kids-right-missX.xvd	miss	Remember	Right
2	9	9	1255.7	674.1	10370	10725	356	NONE	Right	LAMI-kids-right-missX.xvd	miss	Remember	Right
2	9	10	1331.7	761.4	10765	11125	361	NONE	Right	LAMI-kids-right-missX.xvd	miss	Remember	Right
2	9	11	900.7	395.6	11209	11317	109	NONE	Right	LAMI-kids-right-missX.xvd	miss	Remember	Right
2	9	12	1342.3	704	11386	11756	371	AFTER	Right	LAMI-kids-right-missX.xvd	miss	Remember	Right
2	9	13	738	769.6	12114	12139	26	BOTH	Right	LAMI-kids-right-missX.xvd	miss	Remember	Right
2	10	1	992.6	686.9	5115	5166	52	NONE	Right	LAMI-kids-right-missX.xvd	miss	What if?	Left
2	10	2	1044.4	376.9	5233	5921	689	NONE	Right	LAMI-kids-right-missX.xvd	miss	What if?	Left
2	10	3	1012	525.1	5964	6707	744	NONE	Right	LAMI-kids-right-missX.xvd	miss	What if?	Left
2	10	4	1099.7	339.1	6755	7626	872	NONE	Right	LAMI-kids-right-missX.xvd	miss	What if?	Left
2	10	5	1131.1	446.1	7662	8210	549	NONE	Right	LAMI-kids-right-missX.xvd	miss	What if?	Left
2	10	6	1236.4	554.2	8249	8940	692	NONE	Right	LAMI-kids-right-missX.xvd	miss	What if?	Left
2	10	7	1344.1	655.8	8982	9248	267	NONE	Right	LAMI-kids-right-missX.xvd	miss	What if?	Left
2	10	8	1288.8	681.1	9281	10037	757	NONE	Right	LAMI-kids-right-missX.xvd	miss	What if?	Left
2	10	9	1281.9	730.3	10061	11115	1054	NONE	Right	LAMI-kids-right-missX.xvd	miss	What if?	Left
2	11	1	882.3	355.7	5759	6051	293	NONE	Right	LAMI-kids-right-missX.xvd	miss	Cause	Right
2	11	2	1066.4	506.3	6109	6397	289	NONE	Right	LAMI-kids-right-missX.xvd	miss	Cause	Right
2	11	3	1001.9	578.9	6433	6748	316	NONE	Right	LAMI-kids-right-missX.xvd	miss	Cause	Right
2	11	4	1031.6	387.6	6777	7267	491	NONE	Right	LAMI-kids-right-missX.xvd	miss	Cause	Right
2	11	5	1106.9	447.8	7303	8353	1051	NONE	Right	LAMI-kids-right-missX.xvd	miss	Cause	Right
2	11	6	1294.8	508.5	8411	9056	646	NONE	Right	LAMI-kids-right-missX.xvd	miss	Cause	Right
2	11	7	1304.8	635.8	9103	9310	208	NONE	Right	LAMI-kids-right-missX.xvd	miss	Cause	Right
2	11	8	1255.3	500.1	9333	9492	160	NONE	Right	LAMI-kids-right-missX.xvd	miss	Cause	Right
2	11	9	1214.5	352.2	9527	9869	343	NONE	Right	LAMI-kids-right-missX.xvd	miss	Cause	Right
2	11	10	1330.1	560.5	9908	10991	1084	NONE	Right	LAMI-kids-right-missX.xvd	miss	Cause	Right
2	11	11	1312.6	747	11024	11463	440	NONE	Right	LAMI-kids-right-missX.xvd	miss	Cause	Right
2	11	12	1320.1	785.4	11484	11664	181	AFTER	Right	LAMI-kids-right-missX.xvd	miss	Cause	Right
2	12	1	971.1	610.7	28067	28275	209	NONE	Right	LAMI-kids-right-missX.xvd	miss	Remember	Right
2	12	2	1107.8	328	28332	28671	340	NONE	Right	LAMI-kids-right-missX.xvd	miss	Remember	Right
2	12	3	1039.2	533.7	28726	29037	312	NONE	Right	LAMI-kids-right-missX.xvd	miss	Remember	Right
2	12	4	1132.8	408.2	29089	29588	500	NONE	Right	LAMI-kids-right-missX.xvd	miss	Remember	Right
2	12	5	1150.5	457	29621	29931	311	NONE	Right	LAMI-kids-right-missX.xvd	miss	Remember	Right
2	12	6	1141	321.3	29962	30630	669	NONE	Right	LAMI-kids-right-missX.xvd	miss	Remember	Right
2	12	7	1285.5	442.4	30672	31317	646	NONE	Right	LAMI-kids-right-missX.xvd	miss	Remember	Right
2	12	8	1755.6	432.4	31360	31539	180	NONE	Right	LAMI-kids-right-missX.xvd	miss	Remember	Right
2	12	9	1208.9	556	31606	31881	276	NONE	Right	LAMI-kids-right-missX.xvd	miss	Remember	Right
2	12	10	812	392	31947	32035	89	NONE	Right	LAMI-kids-right-missX.xvd	miss	Remember	Right
2	12	11	1358.5	540.4	32104	32531	428	NONE	Right	LAMI-kids-right-missX.xvd	miss	Remember	Right
2	12	12	1394.7	696.8	32568	34067	1499	NONE	Right	LAMI-kids-right-missX.xvd	miss	Remember	Right
3	1	1	1142.2	509.6	9454	9683	230	NONE	Right	LAMI-kids-right-missX.xvd	miss	Cause	Right
3	1	2	1036.6	610	9722	10060	339	NONE	Right	LAMI-kids-right-missX.xvd	miss	Cause	Right
3	1	3	1023.7	430.3	10098	10300	203	NONE	Right	LAMI-kids-right-missX.xvd	miss	Cause	Right
3	1	4	1029.5	578.3	10339	10574	236	NONE	Right	LAMI-kids-right-missX.xvd	miss	Cause	Right
3	1	5	1062.8	499.1	10594	11193	600	NONE	Right	LAMI-kids-right-missX.xvd	miss	Cause	Right
3	1	6	1099.4	410.7	11214	11532	319	NONE	Right	LAMI-kids-right-missX.xvd	miss	Cause	Right
3	1	7	1147.5	412.7	11548	11946	399	AFTER	Right	LAMI-kids-right-missX.xvd	miss	Cause	Right
3	1	8	1294.3	797.8	13177	13252	76	BEFORE	Right	LAMI-kids-right-missX.xvd	miss	Cause	Right
3	1	9	1274.3	668	13290	13480	191	NONE	Right	LAMI-kids-right-missX.xvd	miss	Cause	Right
3	1	10	1046.5	1143.8	13532	13667	136	NONE	Right	LAMI-kids-right-missX.xvd	miss	Cause	Right
3	1	11	1136	1264.1	13807	13878	72	AFTER	Right	LAMI-kids-right-missX.xvd	miss	Cause	Right
3	1	12	1374.2	766.1	14355	14952	598	BEFORE	Right	LAMI-kids-right-missX.xvd	miss	Cause	Right
3	1	13	1391.4	805	14965	15343	379	AFTER	Right	LAMI-kids-right-missX.xvd	miss	Cause	Right
3	2	1	1092	573.1	3221	3451	231	NONE	Right	LAMI-kids-right-missX.xvd	miss	Remember	Right
3	2	2	1029	613.2	3477	3912	436	NONE	Right	LAMI-kids-right-missX.xvd	miss	Remember	Right
3	2	3	1029.8	392	3939	4229	291	NONE	Right	LAMI-kids-right-missX.xvd	miss	Remember	Right
3	2	4	1082.5	520.6	4268	5078	811	NONE	Right	LAMI-kids-right-missX.xvd	miss	Remember	Right
3	2	5	1122.5	485.9	5089	5314	226	NONE	Right	LAMI-kids-right-missX.xvd	miss	Remember	Right
3	2	6	1156.3	459.6	5332	5652	321	NONE	Right	LAMI-kids-right-missX.xvd	miss	Remember	Right
3	2	7	1174.6	545.6	5680	5721	42	NONE	Right	LAMI-kids-right-missX.xvd	miss	Remember	Right
3	2	8	1174.1	590.6	5747	5773	27	NONE	Right	LAMI-kids-right-missX.xvd	miss	Remember	Right
3	2	9	1199.6	605.8	5848	6063	216	NONE	Right	LAMI-kids-right-missX.xvd	miss	Remember	Right
3	2	10	1268.9	635.2	6089	6375	287	AFTER	Right	LAMI-kids-right-missX.xvd	miss	Remember	Right
3	2	11	1342.7	878.4	6961	7101	141	BEFORE	Right	LAMI-kids-right-missX.xvd	miss	Remember	Right
3	2	12	1310.4	768.4	7126	7467	342	NONE	Right	LAMI-kids-right-missX.xvd	miss	Remember	Right
3	2	13	1303.5	756.5	7485	7672	188	AFTER	Right	LAMI-kids-right-missX.xvd	miss	Remember	Right
3	2	14	1376.5	830.7	9080	9221	141	BEFORE	Right	LAMI-kids-right-missX.xvd	miss	Remember	Right
3	3	1	1249.4	282.6	7724	7906	183	NONE	Right	LAMI-kids-right-missX.xvd	miss	Remember	Right
3	3	2	1031	587.3	8004	8055	52	NONE	Right	LAMI-kids-right-missX.xvd	miss	Remember	Right
3	3	3	1034.8	576.5	8147	8200	54	AFTER	Right	LAMI-kids-right-missX.xvd	miss	Remember	Right
3	3	4	1152.4	332.7	13672	13723	51	BEFORE	Right	LAMI-kids-right-missX.xvd	miss	Remember	Right
3	4	1	642.1	225.2	3042	3129	88	NONE	Left	LAMI-kids-left-scoreX.xvd	score	Cause	Left
3	4	2	796.6	442.1	3177	3427	251	NONE	Left	LAMI-kids-left-scoreX.xvd	score	Cause	Left
3	4	3	929.6	603	3473	3857	385	NONE	Left	LAMI-kids-left-scoreX.xvd	score	Cause	Left
3	4	4	991.9	367.6	3896	4439	544	NONE	Left	LAMI-kids-left-scoreX.xvd	score	Cause	Left
3	4	5	873.5	477.9	4471	4647	177	AFTER	Left	LAMI-kids-left-scoreX.xvd	score	Cause	Left
3	4	6	698.9	295.9	5009	5184	176	BOTH	Left	LAMI-kids-left-scoreX.xvd	score	Cause	Left
3	4	7	784.3	328.1	5237	5346	110	BOTH	Left	LAMI-kids-left-scoreX.xvd	score	Cause	Left
3	4	8	756.8	375.4	5903	6303	401	BEFORE	Left	LAMI-kids-left-scoreX.xvd	score	Cause	Left
3	4	9	737.5	339.6	6318	6533	216	NONE	Left	LAMI-kids-left-scoreX.xvd	score	Cause	Left
3	4	10	972.4	322.2	6567	6811	245	NONE	Left	LAMI-kids-left-scoreX.xvd	score	Cause	Left
3	4	11	1284.4	298.2	6852	7097	246	NONE	Left	LAMI-kids-left-scoreX.xvd	score	Cause	Left
3	4	12	1134.4	339	7125	7322	198	NONE	Left	LAMI-kids-left-scoreX.xvd	score	Cause	Left
3	4	13	753.3	285.6	7363	7560	198	NONE	Left	LAMI-kids-left-scoreX.xvd	score	Cause	Left
3	4	14	1364	69.7	7612	7761	150	NONE	Left	LAMI-kids-left-scoreX.xvd	score	Cause	Left
3	4	15	1467.9	-112.9	7788	7953	166	NONE	Left	LAMI-kids-left-scoreX.xvd	score	Cause	Left
3	4	16	884.2	268.8	8019	8235	217	NONE	Left	LAMI-kids-left-scoreX.xvd	score	Cause	Left
3	4	17	1557.6	-41.6	8290	8434	145	NONE	Left	LAMI-kids-left-scoreX.xvd	score	Cause	Left
3	4	18	1515.6	-89.9	8456	8583	128	NONE	Left	LAMI-kids-left-scoreX.xvd	score	Cause	Left
3	4	19	1892.8	-33.2	8622	8746	125	NONE	Left	LAMI-kids-left-scoreX.xvd	score	Cause	Left
3	4	20	1104	310.1	8815	9043	228	NONE	Left	LAMI-kids-left-scoreX.xvd	score	Cause	Left
3	5	1	891.2	133.7	3009	3151	143	NONE	Left	LAMI-kids-left-missX.xvd	miss	What if?	Left
3	5	2	893.9	375.6	3197	3494	298	NONE	Left	LAMI-kids-left-missX.xvd	miss	What if?	Left
3	5	3	926.3	603.6	3540	4133	594	NONE	Left	LAMI-kids-left-missX.xvd	miss	What if?	Left
3	5	4	888.5	553.7	4153	4414	262	NONE	Left	LAMI-kids-left-missX.xvd	miss	What if?	Left
3	5	5	885.8	588.6	4441	4538	98	AFTER	Left	LAMI-kids-left-missX.xvd	miss	What if?	Left
3	5	6	860.7	496	5113	5145	33	BEFORE	Left	LAMI-kids-left-missX.xvd	miss	What if?	Left
3	5	7	861.4	494.3	5154	5174	21	NONE	Left	LAMI-kids-left-missX.xvd	miss	What if?	Left
3	5	8	858	491	5202	5222	21	NONE	Left	LAMI-kids-left-missX.xvd	miss	What if?	Left
3	5	9	730.4	712.6	6456	6515	60	AFTER	Left	LAMI-kids-left-missX.xvd	miss	What if?	Left
3	5	10	618.2	766.3	7616	8042	427	BOTH	Left	LAMI-kids-left-missX.xvd	miss	What if?	Left
3	5	11	602.4	809.7	8300	8366	67	BOTH	Left	LAMI-kids-left-missX.xvd	miss	What if?	Left
3	6	1	1099.5	525.6	3770	4132	363	BEFORE	Right	LAMI-kids-right-scoreX.xvd	score	What if?	Right
3	6	2	1037.9	570.7	4170	4779	610	NONE	Right	LAMI-kids-right-scoreX.xvd	score	What if?	Right
3	6	3	995	345.2	4820	5124	305	NONE	Right	LAMI-kids-right-scoreX.xvd	score	What if?	Right
3	6	4	1208.5	384.5	5158	5351	194	NONE	Right	LAMI-kids-right-scoreX.xvd	score	What if?	Right
3	6	5	1330.4	324.8	5375	5763	389	NONE	Right	LAMI-kids-right-scoreX.xvd	score	What if?	Right
3	6	6	1237.5	295.2	5786	6209	424	NONE	Right	LAMI-kids-right-scoreX.xvd	score	What if?	Right
3	6	7	1200.8	390.9	6236	6463	228	NONE	Right	LAMI-kids-right-scoreX.xvd	score	What if?	Right
3	6	8	1196.5	385.5	6473	6948	476	NONE	Right	LAMI-kids-right-scoreX.xvd	score	What if?	Right
3	6	9	1232.4	335.8	6962	7355	394	NONE	Right	LAMI-kids-right-scoreX.xvd	score	What if?	Right
3	6	10	906.3	463	7404	7621	218	NONE	Right	LAMI-kids-right-scoreX.xvd	score	What if?	Right
3	6	11	946.5	377.8	7642	7847	206	NONE	Right	LAMI-kids-right-scoreX.xvd	score	What if?	Right
3	6	12	1284.2	267.7	7885	8248	364	NONE	Right	LAMI-kids-right-scoreX.xvd	score	What if?	Right
3	6	13	1306	275.7	8256	8743	488	NONE	Right	LAMI-kids-right-scoreX.xvd	score	What if?	Right
3	6	14	1440.9	-24.2	8791	8904	114	NONE	Right	LAMI-kids-right-scoreX.xvd	score	What if?	Right
3	6	15	1500.9	-89.1	8926	9142	217	NONE	Right	LAMI-kids-right-scoreX.xvd	score	What if?	Right
3	6	16	1523.3	-92.4	9152	9331	180	NONE	Right	LAMI-kids-right-scoreX.xvd	score	What if?	Right
3	6	17	1283.7	290.9	9398	9582	185	NONE	Right	LAMI-kids-right-scoreX.xvd	score	What if?	Right
3	6	18	1321.9	281.5	9597	9730	133	NONE	Right	LAMI-kids-right-scoreX.xvd	score	What if?	Right
3	7	1	1077.1	413.3	3396	3781	386	BEFORE	Right	LAMI-kids-right-missX.xvd	miss	What if?	Left
3	7	2	1020.5	587.9	3824	4243	420	NONE	Right	LAMI-kids-right-missX.xvd	miss	What if?	Left
3	7	3	1070.1	555.3	4259	4772	514	NONE	Right	LAMI-kids-right-missX.xvd	miss	What if?	Left
3	7	4	955.9	365	4810	4965	156	AFTER	Right	LAMI-kids-right-missX.xvd	miss	What if?	Left
3	7	5	1098.8	490	5703	5892	190	BEFORE	Right	LAMI-kids-right-missX.xvd	miss	What if?	Left
3	7	6	1194.8	510.9	5915	6280	366	NONE	Right	LAMI-kids-right-missX.xvd	miss	What if?	Left
3	7	7	1265.9	616	6301	6850	550	AFTER	Right	LAMI-kids-right-missX.xvd	miss	What if?	Left
3	7	8	601.2	1334.6	8888	8995	108	BEFORE	Right	LAMI-kids-right-missX.xvd	miss	What if?	Left
3	7	9	1081.6	1347.2	9043	9270	228	NONE	Right	LAMI-kids-right-missX.xvd	miss	What if?	Left
3	7	10	1130.8	1294.1	9289	9344	55	NONE	Right	LAMI-kids-right-missX.xvd	miss	What if?	Left
3	8	1	1008.8	741	3637	3917	281	NONE	Left	LAMI-kids-left-scoreX.xvd	score	Remember	Left
3	8	2	954.6	618	3940	4664	725	NONE	Left	LAMI-kids-left-scoreX.xvd	score	Remember	Left
3	8	3	946.6	498.4	4684	4914	231	NONE	Left	LAMI-kids-left-scoreX.xvd	score	Remember	Left
3	8	4	881.7	456.1	4934	5231	298	NONE	Left	LAMI-kids-left-scoreX.xvd	score	Remember	Left
3	8	5	848.7	478.3	5254	6030	777	NONE	Left	LAMI-kids-left-scoreX.xvd	score	Remember	Left
3	8	6	881.9	397.5	6050	6371	322	NONE	Left	LAMI-kids-left-scoreX.xvd	score	Remember	Left
3	8	7	784.6	359.1	6397	6725	329	NONE	Left	LAMI-kids-left-scoreX.xvd	score	Remember	Left
3	8	8	751.9	318.3	6745	7329	585	NONE	Left	LAMI-kids-left-scoreX.xvd	score	Remember	Left
3	8	9	662.8	235.7	7351	7729	379	NONE	Left	LAMI-kids-left-scoreX.xvd	score	Remember	Left
3	8	10	708.8	281.2	7750	7981	232	NONE	Left	LAMI-kids-left-scoreX.xvd	score	Remember	Left
3	8	11	1105.8	335.4	8026	8243	218	NONE	Left	LAMI-kids-left-scoreX.xvd	score	Remember	Left
3	8	12	1469.7	60.8	8302	8348	47	NONE	Left	LAMI-kids-left-scoreX.xvd	score	Remember	Left
3	8	13	1775.3	-129.4	8394	8531	138	NONE	Left	LAMI-kids-left-scoreX.xvd	score	Remember	Left
3	8	14	2990.2	-243	8610	8750	141	NONE	Left	LAMI-kids-left-scoreX.xvd	score	Remember	Left
3	8	15	3138.4	-239.3	8775	8967	193	AFTER	Left	LAMI-kids-left-scoreX.xvd	score	Remember	Left
3	9	1	947.1	597.4	4128	4461	334	BEFORE	Right	LAMI-kids-right-missX.xvd	miss	Cause	Right
3	9	2	1013.9	617.9	4484	5107	624	NONE	Right	LAMI-kids-right-missX.xvd	miss	Cause	Right
3	9	3	1059.3	516.4	5125	5477	353	NONE	Right	LAMI-kids-right-missX.xvd	miss	Cause	Right
3	9	4	1542	1400	5551	5698	148	AFTER	Right	LAMI-kids-right-missX.xvd	miss	Cause	Right
3	9	5	1604.7	1549	5790	5822	33	BOTH	Right	LAMI-kids-right-missX.xvd	miss	Cause	Right
3	10	1	924.9	596.1	2934	3413	480	BEFORE	Left	LAMI-kids-left-scoreX.xvd	score	What if?	Right
3	10	2	915.1	550.3	3422	4045	624	NONE	Left	LAMI-kids-left-scoreX.xvd	score	What if?	Right
3	10	3	889.4	575.7	4066	4188	123	AFTER	Left	LAMI-kids-left-scoreX.xvd	score	What if?	Right
3	10	4	691.8	452.5	5490	5641	152	BOTH	Left	LAMI-kids-left-scoreX.xvd	score	What if?	Right
3	10	5	199.8	5.3	5708	5823	116	BEFORE	Left	LAMI-kids-left-scoreX.xvd	score	What if?	Right
3	10	6	111.9	-93.7	5853	6036	184	NONE	Left	LAMI-kids-left-scoreX.xvd	score	What if?	Right
3	10	7	49.6	-113.3	6059	6326	268	NONE	Left	LAMI-kids-left-scoreX.xvd	score	What if?	Right
3	10	8	691.6	262.4	6387	6643	257	NONE	Left	LAMI-kids-left-scoreX.xvd	score	What if?	Right
3	10	9	713.8	301.5	6658	7004	347	NONE	Left	LAMI-kids-left-scoreX.xvd	score	What if?	Right
3	10	10	955	329.5	7037	7392	356	NONE	Left	LAMI-kids-left-scoreX.xvd	score	What if?	Right
3	10	11	1386.5	115	7438	7588	151	NONE	Left	LAMI-kids-left-scoreX.xvd	score	What if?	Right
3	10	12	1486.2	-83	7632	7902	271	NONE	Left	LAMI-kids-left-scoreX.xvd	score	What if?	Right
3	10	13	1860.9	-35.3	7943	8778	836	NONE	Left	LAMI-kids-left-scoreX.xvd	score	What if?	Right
3	10	14	1173.9	298.2	8844	8882	38	NONE	Left	LAMI-kids-left-scoreX.xvd	score	What if?	Right
3	11	1	974.5	543.2	3869	4181	313	BEFORE	Left	LAMI-kids-left-scoreX.xvd	score	Cause	Left
3	11	2	926.1	605.1	4208	4509	302	NONE	Left	LAMI-kids-left-scoreX.xvd	score	Cause	Left
3	11	3	1019.4	387.6	4549	4850	302	NONE	Left	LAMI-kids-left-scoreX.xvd	score	Cause	Left
3	11	4	961.7	372.7	4867	5448	582	AFTER	Left	LAMI-kids-left-scoreX.xvd	score	Cause	Left
3	11	5	1394	-3.6	5700	5924	225	BEFORE	Left	LAMI-kids-left-scoreX.xvd	score	Cause	Left
3	11	6	1502	-71	5951	6206	256	NONE	Left	LAMI-kids-left-scoreX.xvd	score	Cause	Left
3	11	7	205.1	-95.4	6278	6413	136	NONE	Left	LAMI-kids-left-scoreX.xvd	score	Cause	Left
3	11	8	88.8	-99.3	6450	6891	442	NONE	Left	LAMI-kids-left-scoreX.xvd	score	Cause	Left
3	11	9	662.9	291.9	6955	7216	262	NONE	Left	LAMI-kids-left-scoreX.xvd	score	Cause	Left
3	11	10	725.8	307.3	7235	7719	485	NONE	Left	LAMI-kids-left-scoreX.xvd	score	Cause	Left
3	11	11	708.9	301.8	7729	7961	233	NONE	Left	LAMI-kids-left-scoreX.xvd	score	Cause	Left
3	11	12	1175.6	290.3	8006	8169	164	NONE	Left	LAMI-kids-left-scoreX.xvd	score	Cause	Left
3	11	13	1341.1	271.8	8199	8497	299	NONE	Left	LAMI-kids-left-scoreX.xvd	score	Cause	Left
3	11	14	1472.2	-96.3	8547	8909	363	NONE	Left	LAMI-kids-left-scoreX.xvd	score	Cause	Left
3	11	15	1497.8	-198.3	8928	9143	216	NONE	Left	LAMI-kids-left-scoreX.xvd	score	Cause	Left
3	11	16	685.6	281.3	9216	9383	168	AFTER	Left	LAMI-kids-left-scoreX.xvd	score	Cause	Left
3	12	1	1131.3	746.7	4993	4993	1	BEFORE	Right	LAMI-kids-right-scoreX.xvd	score	Remember	Right
3	12	2	1053.7	638.4	5020	5470	451	NONE	Right	LAMI-kids-right-scoreX.xvd	score	Remember	Right
3	12	3	1060.4	636.1	5481	5903	423	NONE	Right	LAMI-kids-right-scoreX.xvd	score	Remember	Right
3	12	4	989.1	455.1	5942	6311	370	NONE	Right	LAMI-kids-right-scoreX.xvd	score	Remember	Right
3	12	5	1113.3	532.4	6350	6588	239	AFTER	Right	LAMI-kids-right-scoreX.xvd	score	Remember	Right
3	12	6	1152.1	499.7	7043	7189	147	BEFORE	Right	LAMI-kids-right-scoreX.xvd	score	Remember	Right
3	12	7	1162.7	396.8	7218	7556	339	NONE	Right	LAMI-kids-right-scoreX.xvd	score	Remember	Right
3	12	8	1272.8	390.6	7580	8187	608	NONE	Right	LAMI-kids-right-scoreX.xvd	score	Remember	Right
3	12	9	1268.7	382.9	8203	8718	516	NONE	Right	LAMI-kids-right-scoreX.xvd	score	Remember	Right
3	12	10	1038.7	394.5	8757	9255	499	NONE	Right	LAMI-kids-right-scoreX.xvd	score	Remember	Right
3	12	11	1216.4	349.8	9282	10055	774	AFTER	Right	LAMI-kids-right-scoreX.xvd	score	Remember	Right
3	12	12	1591	1505.1	10382	10411	30	BEFORE	Right	LAMI-kids-right-scoreX.xvd	score	Remember	Right
3	12	13	1596.1	1501.8	10428	10543	116	AFTER	Right	LAMI-kids-right-scoreX.xvd	score	Remember	Right
3	12	14	1652.4	1547.8	10644	10788	145	BOTH	Right	LAMI-kids-right-scoreX.xvd	score	Remember	Right
5	1	1	967.7	671.1	10480	10503	24	BEFORE	Left	LAMI-kids-left-scoreX.xvd	score	Remember	Left
5	1	2	935.8	400.2	10537	10715	179	NONE	Left	LAMI-kids-left-scoreX.xvd	score	Remember	Left
5	1	3	946.1	431	10728	10810	83	NONE	Left	LAMI-kids-left-scoreX.xvd	score	Remember	Left
5	1	4	975.8	601.2	10851	11162	312	NONE	Left	LAMI-kids-left-scoreX.xvd	score	Remember	Left
5	1	5	981.8	380.2	11188	11432	245	NONE	Left	LAMI-kids-left-scoreX.xvd	score	Remember	Left
5	1	6	892.1	523.6	11472	11820	349	NONE	Left	LAMI-kids-left-scoreX.xvd	score	Remember	Left
5	1	7	805.4	264.8	11854	11964	111	NONE	Left	LAMI-kids-left-scoreX.xvd	score	Remember	Left
5	1	8	776.1	260.1	11973	12028	56	NONE	Left	LAMI-kids-left-scoreX.xvd	score	Remember	Left
5	1	9	770	263.1	12044	12517	474	NONE	Left	LAMI-kids-left-scoreX.xvd	score	Remember	Left
5	1	10	771	399.5	12546	12725	180	NONE	Left	LAMI-kids-left-scoreX.xvd	score	Remember	Left
5	1	11	783.5	418.4	12746	13121	376	NONE	Left	LAMI-kids-left-scoreX.xvd	score	Remember	Left
5	1	12	736.9	362.3	13144	14191	1048	NONE	Left	LAMI-kids-left-scoreX.xvd	score	Remember	Left
5	1	13	686.3	353.7	14207	14405	199	AFTER	Left	LAMI-kids-left-scoreX.xvd	score	Remember	Left
5	1	14	724.4	280	14667	14902	236	BEFORE	Left	LAMI-kids-left-scoreX.xvd	score	Remember	Left
5	1	15	658.8	314.4	14923	15364	442	NONE	Left	LAMI-kids-left-scoreX.xvd	score	Remember	Left
5	1	16	670.6	325.4	15376	16207	832	NONE	Left	LAMI-kids-left-scoreX.xvd	score	Remember	Left
5	1	17	1074.9	362.9	16256	16480	224	NONE	Left	LAMI-kids-left-scoreX.xvd	score	Remember	Left
5	2	1	1061.5	204.4	5789	6046	258	BEFORE	Right	LAMI-kids-right-missX.xvd	miss	Cause	Left
5	2	2	939.7	641	6110	6382	273	NONE	Right	LAMI-kids-right-missX.xvd	miss	Cause	Left
5	2	3	1067.3	436.6	6414	6916	503	NONE	Right	LAMI-kids-right-missX.xvd	miss	Cause	Left
5	2	4	1101	488.8	6940	7641	702	NONE	Right	LAMI-kids-right-missX.xvd	miss	Cause	Left
5	2	5	1193.5	408.1	7664	8532	869	NONE	Right	LAMI-kids-right-missX.xvd	miss	Cause	Left
5	2	6	695.5	272.4	8587	8892	306	AFTER	Right	LAMI-kids-right-missX.xvd	miss	Cause	Left
5	2	7	1267.6	511.7	9184	9796	613	BEFORE	Right	LAMI-kids-right-missX.xvd	miss	Cause	Left
5	2	8	1278.6	683.5	9823	10100	278	NONE	Right	LAMI-kids-right-missX.xvd	miss	Cause	Left
5	2	9	1563	1286.7	10162	10626	465	NONE	Right	LAMI-kids-right-missX.xvd	miss	Cause	Left
5	2	10	1361.3	754.1	10681	10967	287	NONE	Right	LAMI-kids-right-missX.xvd	miss	Cause	Left
5	2	11	1345.9	815.7	10987	11098	112	NONE	Right	LAMI-kids-right-missX.xvd	miss	Cause	Left
5	2	12	1314.7	785.5	11120	11355	236	NONE	Right	LAMI-kids-right-missX.xvd	miss	Cause	Left
5	2	13	1377.5	763.8	11374	11768	395	NONE	Right	LAMI-kids-right-missX.xvd	miss	Cause	Left
5	2	14	1353.9	781.8	11788	11789	1	NONE	Right	LAMI-kids-right-missX.xvd	miss	Cause	Left
5	3	1	1086	446.3	5927	6231	305	BEFORE	Right	LAMI-kids-right-missX.xvd	miss	Cause	Left
5	3	2	983.2	618.2	6275	6566	292	NONE	Right	LAMI-kids-right-missX.xvd	miss	Cause	Left
5	3	3	1168.1	394.4	6603	7000	398	NONE	Right	LAMI-kids-right-missX.xvd	miss	Cause	Left
5	3	4	1082.3	513.9	7028	7513	486	NONE	Right	LAMI-kids-right-missX.xvd	miss	Cause	Left
5	3	5	1146.4	366.3	7537	8232	696	NONE	Right	LAMI-kids-right-missX.xvd	miss	Cause	Left
5	3	6	1131.2	859.9	8397	8417	21	NONE	Right	LAMI-kids-right-missX.xvd	miss	Cause	Left
5	3	7	1164.8	616.3	8444	8538	95	AFTER	Right	LAMI-kids-right-missX.xvd	miss	Cause	Left
5	3	8	1236	596.1	8895	9049	155	BEFORE	Right	LAMI-kids-right-missX.xvd	miss	Cause	Left
5	3	9	1514.4	460.5	9171	9369	199	NONE	Right	LAMI-kids-right-missX.xvd	miss	Cause	Left
5	3	10	1194.7	447.3	9384	9454	71	NONE	Right	LAMI-kids-right-missX.xvd	miss	Cause	Left
5	3	11	1203.2	435.8	9475	9616	142	NONE	Right	LAMI-kids-right-missX.xvd	miss	Cause	Left
5	3	12	1302.9	550.9	9641	9812	172	NONE	Right	LAMI-kids-right-missX.xvd	miss	Cause	Left
5	3	13	1343.1	624.5	9836	9995	160	NONE	Right	LAMI-kids-right-missX.xvd	miss	Cause	Left
5	3	14	932.2	1217.2	10047	10357	311	NONE	Right	LAMI-kids-right-missX.xvd	miss	Cause	Left
5	3	15	1335.7	698.1	10417	10575	159	NONE	Right	LAMI-kids-right-missX.xvd	miss	Cause	Left
5	3	16	1399.5	698.2	10599	11591	993	NONE	Right	LAMI-kids-right-missX.xvd	miss	Cause	Left
5	3	17	1659	1230.4	11711	11927	216	NONE	Right	LAMI-kids-right-missX.xvd	miss	Cause	Left
5	4	1	932.1	667.5	5544	6008	465	BEFORE	Left	LAMI-kids-left-scoreX.xvd	score	What if?	Right
5	4	2	939.3	511.9	6044	6674	631	AFTER	Left	LAMI-kids-left-scoreX.xvd	score	What if?	Right
5	4	3	827.7	503.1	6883	6925	43	BEFORE	Left	LAMI-kids-left-scoreX.xvd	score	What if?	Right
5	4	4	804	421.8	7011	7104	94	NONE	Left	LAMI-kids-left-scoreX.xvd	score	What if?	Right
5	4	5	895.1	411.6	7137	7433	297	NONE	Left	LAMI-kids-left-scoreX.xvd	score	What if?	Right
5	4	6	791.3	377.7	7479	8185	707	NONE	Left	LAMI-kids-left-scoreX.xvd	score	What if?	Right
5	4	7	813.8	334.3	8196	8453	258	NONE	Left	LAMI-kids-left-scoreX.xvd	score	What if?	Right
5	4	8	733.2	320.7	8491	9302	812	NONE	Left	LAMI-kids-left-scoreX.xvd	score	What if?	Right
5	4	9	680	313.8	9322	9507	186	NONE	Left	LAMI-kids-left-scoreX.xvd	score	What if?	Right
5	4	10	726.8	275	9526	9742	217	NONE	Left	LAMI-kids-left-scoreX.xvd	score	What if?	Right
5	4	11	747.1	248.9	9806	10094	289	NONE	Left	LAMI-kids-left-scoreX.xvd	score	What if?	Right
5	4	12	702.2	265.9	10115	10524	410	NONE	Left	LAMI-kids-left-scoreX.xvd	score	What if?	Right
5	4	13	732.5	280.5	10547	11049	503	AFTER	Left	LAMI-kids-left-scoreX.xvd	score	What if?	Right
5	4	14	979.6	344	11244	11544	300	BEFORE	Left	LAMI-kids-left-scoreX.xvd	score	What if?	Right
5	5	1	918.5	763.8	5648	5768	121	BEFORE	Right	LAMI-kids-right-scoreX.xvd	score	Remember	Right
5	5	2	798.3	585.6	5832	5854	23	AFTER	Right	LAMI-kids-right-scoreX.xvd	score	Remember	Right
5	5	3	957.2	503.5	5891	6181	291	BEFORE	Right	LAMI-kids-right-scoreX.xvd	score	Remember	Right
5	5	4	998.8	539.1	6201	6524	324	NONE	Right	LAMI-kids-right-scoreX.xvd	score	Remember	Right
5	5	5	1024.1	523.4	6530	6695	166	AFTER	Right	LAMI-kids-right-scoreX.xvd	score	Remember	Right
5	5	6	882.8	166.6	7052	7073	22	BEFORE	Right	LAMI-kids-right-scoreX.xvd	score	Remember	Right
5	5	7	917.4	224	7093	7148	56	NONE	Right	LAMI-kids-right-scoreX.xvd	score	Remember	Right
5	5	8	202.8	3.3	7249	7400	152	NONE	Right	LAMI-kids-right-scoreX.xvd	score	Remember	Right
5	5	9	-449.5	-368.6	7461	7641	181	NONE	Right	LAMI-kids-right-scoreX.xvd	score	Remember	Right
5	5	10	1121.2	320.8	7734	7933	200	NONE	Right	LAMI-kids-right-scoreX.xvd	score	Remember	Right
5	5	11	1178.5	373.7	7958	8507	550	NONE	Right	LAMI-kids-right-scoreX.xvd	score	Remember	Right
5	5	12	1228.3	292	8525	9358	834	NONE	Right	LAMI-kids-right-scoreX.xvd	score	Remember	Right
5	5	13	1246.5	250.3	9368	9662	295	NONE	Right	LAMI-kids-right-scoreX.xvd	score	Remember	Right
5	5	14	1313.8	238.7	9679	10220	542	NONE	Right	LAMI-kids-right-scoreX.xvd	score	Remember	Right
5	5	15	1277.4	261.4	10239	10637	399	NONE	Right	LAMI-kids-right-scoreX.xvd	score	Remember	Right
5	5	16	905.1	369.3	10685	11026	342	NONE	Right	LAMI-kids-right-scoreX.xvd	score	Remember	Right
5	5	17	451	299.3	11080	11223	144	NONE	Right	LAMI-kids-right-scoreX.xvd	score	Remember	Right
5	5	18	-448.5	-227.5	11299	11457	159	NONE	Right	LAMI-kids-right-scoreX.xvd	score	Remember	Right
5	5	19	-596.6	-243.6	11482	11561	79	NONE	Right	LAMI-kids-right-scoreX.xvd	score	Remember	Right
5	6	1	925.9	962	7077	7136	60	BEFORE	Right	LAMI-kids-right-scoreX.xvd	score	What if?	Right
5	6	2	781.7	612.3	7167	7362	196	NONE	Right	LAMI-kids-right-scoreX.xvd	score	What if?	Right
5	6	3	837.1	677.5	7387	7695	309	NONE	Right	LAMI-kids-right-scoreX.xvd	score	What if?	Right
5	6	4	43	-201.4	8156	8313	158	NONE	Right	LAMI-kids-right-scoreX.xvd	score	What if?	Right
5	6	5	-324.5	-436.9	8415	8640	226	NONE	Right	LAMI-kids-right-scoreX.xvd	score	What if?	Right
5	6	6	1262.2	400	8733	8969	237	NONE	Right	LAMI-kids-right-scoreX.xvd	score	What if?	Right
5	6	7	1218.3	295.7	8991	9798	808	NONE	Right	LAMI-kids-right-scoreX.xvd	score	What if?	Right
5	6	8	1294.7	333.1	9818	10920	1103	NONE	Right	LAMI-kids-right-scoreX.xvd	score	What if?	Right
5	6	9	1331.1	299.6	10940	11729	790	NONE	Right	LAMI-kids-right-scoreX.xvd	score	What if?	Right
5	6	10	1154.1	295.9	11764	12014	251	NONE	Right	LAMI-kids-right-scoreX.xvd	score	What if?	Right
5	6	11	909.5	327.3	12050	12346	297	NONE	Right	LAMI-kids-right-scoreX.xvd	score	What if?	Right
5	6	12	35.7	-187	12435	12469	35	NONE	Right	LAMI-kids-right-scoreX.xvd	score	What if?	Right
5	6	13	148.4	-178.6	12498	12640	143	NONE	Right	LAMI-kids-right-scoreX.xvd	score	What if?	Right
5	6	14	395.8	-266.6	12656	12788	133	NONE	Right	LAMI-kids-right-scoreX.xvd	score	What if?	Right
5	6	15	537.6	-266.5	12808	12870	63	NONE	Right	LAMI-kids-right-scoreX.xvd	score	What if?	Right
5	6	16	322.7	-260.2	12887	12915	28	NONE	Right	LAMI-kids-right-scoreX.xvd	score	What if?	Right
5	7	1	1428.6	1093.3	5925	6034	110	BEFORE	Right	LAMI-kids-right-missX.xvd	miss	What if?	Left
5	7	2	1057.3	540.1	6082	6337	256	NONE	Right	LAMI-kids-right-missX.xvd	miss	What if?	Left
5	7	3	1011.7	593.7	6359	6686	328	NONE	Right	LAMI-kids-right-missX.xvd	miss	What if?	Left
5	7	4	1119.2	419.6	6715	7009	295	AFTER	Right	LAMI-kids-right-missX.xvd	miss	What if?	Left
5	7	5	1102.9	450.5	7254	8317	1064	BEFORE	Right	LAMI-kids-right-missX.xvd	miss	What if?	Left
5	7	6	1216.1	519.1	8345	8910	566	AFTER	Right	LAMI-kids-right-missX.xvd	miss	What if?	Left
5	7	7	1192.1	450.9	9154	9666	513	BEFORE	Right	LAMI-kids-right-missX.xvd	miss	What if?	Left
5	7	8	1306.9	681.2	9710	10236	527	NONE	Right	LAMI-kids-right-missX.xvd	miss	What if?	Left
5	7	9	1486.8	1118.7	10283	10386	104	NONE	Right	LAMI-kids-right-missX.xvd	miss	What if?	Left
5	7	10	1629.1	1362.5	10417	11145	729	NONE	Right	LAMI-kids-right-missX.xvd	miss	What if?	Left
5	7	11	1517.7	1501.2	11186	11771	585	NONE	Right	LAMI-kids-right-missX.xvd	miss	What if?	Left
5	8	1	952.8	514.8	6737	7271	535	BEFORE	Right	LAMI-kids-right-missX.xvd	miss	Remember	Right
5	8	2	1131.4	365.5	7301	8002	702	AFTER	Right	LAMI-kids-right-missX.xvd	miss	Remember	Right
5	8	3	1145.7	453.3	8322	8518	197	BEFORE	Right	LAMI-kids-right-missX.xvd	miss	Remember	Right
5	8	4	1167.2	484	8524	9615	1092	NONE	Right	LAMI-kids-right-missX.xvd	miss	Remember	Right
5	8	5	1366.6	729.2	9666	9851	186	NONE	Right	LAMI-kids-right-missX.xvd	miss	Remember	Right
5	8	6	1326.7	605.3	9876	10166	291	NONE	Right	LAMI-kids-right-missX.xvd	miss	Remember	Right
5	8	7	1319.8	704.6	10185	12034	1850	AFTER	Right	LAMI-kids-right-missX.xvd	miss	Remember	Right
5	8	8	1279.8	654.4	12352	12499	148	BEFORE	Right	LAMI-kids-right-missX.xvd	miss	Remember	Right
5	9	1	903.7	267.3	5682	5783	102	BEFORE	Right	LAMI-kids-right-scoreX.xvd	score	Cause	Right
5	9	2	1093.9	461.8	5846	6137	292	NONE	Right	LAMI-kids-right-scoreX.xvd	score	Cause	Right
5	9	3	1050.9	576.4	6177	6469	293	NONE	Right	LAMI-kids-right-scoreX.xvd	score	Cause	Right
5	9	4	1085.6	307.5	6510	6717	208	AFTER	Right	LAMI-kids-right-scoreX.xvd	score	Cause	Right
5	9	5	1090.2	530.2	7252	7338	87	BEFORE	Right	LAMI-kids-right-scoreX.xvd	score	Cause	Right
5	9	6	1165.3	292.3	7359	8275	917	NONE	Right	LAMI-kids-right-scoreX.xvd	score	Cause	Right
5	9	7	1591.6	901.3	8335	8629	295	NONE	Right	LAMI-kids-right-scoreX.xvd	score	Cause	Right
5	9	8	1195.7	324.1	8697	10108	1412	NONE	Right	LAMI-kids-right-scoreX.xvd	score	Cause	Right
5	9	9	611.6	254.2	10169	10404	236	NONE	Right	LAMI-kids-right-scoreX.xvd	score	Cause	Right
5	9	10	-40.4	-102.3	10479	10627	149	NONE	Right	LAMI-kids-right-scoreX.xvd	score	Cause	Right
5	9	11	158.8	-43.5	10654	10944	291	NONE	Right	LAMI-kids-right-scoreX.xvd	score	Cause	Right
5	9	12	210.5	-15.7	10958	11301	344	AFTER	Right	LAMI-kids-right-scoreX.xvd	score	Cause	Right
5	9	13	1222.3	297.4	11550	11681	131	BEFORE	Right	LAMI-kids-right-scoreX.xvd	score	Cause	Right
5	10	1	878.8	391.7	4657	4995	339	BOTH	Left	LAMI-kids-left-missX.xvd	miss	Remember	Left
5	10	2	869.8	558.4	5271	5349	79	BEFORE	Left	LAMI-kids-left-missX.xvd	miss	Remember	Left
5	10	3	837.2	534.8	5356	6343	988	NONE	Left	LAMI-kids-left-missX.xvd	miss	Remember	Left
5	10	4	784.6	418.1	6367	6641	275	NONE	Left	LAMI-kids-left-missX.xvd	miss	Remember	Left
5	10	5	723.7	434.3	6665	6834	170	NONE	Left	LAMI-kids-left-missX.xvd	miss	Remember	Left
5	10	6	796.1	432.7	6854	7006	153	NONE	Left	LAMI-kids-left-missX.xvd	miss	Remember	Left
5	10	7	711.4	507.1	7033	7905	873	NONE	Left	LAMI-kids-left-missX.xvd	miss	Remember	Left
5	10	8	707.9	504.9	7922	8425	504	NONE	Left	LAMI-kids-left-missX.xvd	miss	Remember	Left
5	10	9	668.6	337.2	8456	8875	420	NONE	Left	LAMI-kids-left-missX.xvd	miss	Remember	Left
5	10	10	546.6	838.2	8914	10657	1743	NONE	Left	LAMI-kids-left-missX.xvd	miss	Remember	Left
5	11	1	916.8	339.1	3607	3842	236	BEFORE	Left	LAMI-kids-left-scoreX.xvd	score	Cause	Left
5	11	2	986	639.2	3907	4143	237	NONE	Left	LAMI-kids-left-scoreX.xvd	score	Cause	Left
5	11	3	942.1	504	4179	4335	157	AFTER	Left	LAMI-kids-left-scoreX.xvd	score	Cause	Left
5	11	4	818.1	241.1	4519	4714	196	BEFORE	Left	LAMI-kids-left-scoreX.xvd	score	Cause	Left
5	11	5	212.7	28.1	4788	4935	148	NONE	Left	LAMI-kids-left-scoreX.xvd	score	Cause	Left
5	11	6	152.6	-33.3	4959	5357	399	NONE	Left	LAMI-kids-left-scoreX.xvd	score	Cause	Left
5	11	7	821.8	227.4	5424	5831	408	NONE	Left	LAMI-kids-left-scoreX.xvd	score	Cause	Left
5	11	8	847.8	163.2	5851	6115	265	NONE	Left	LAMI-kids-left-scoreX.xvd	score	Cause	Left
5	11	9	242.4	-1.5	6336	6446	111	NONE	Left	LAMI-kids-left-scoreX.xvd	score	Cause	Left
5	11	10	765.6	325.1	6493	6811	319	NONE	Left	LAMI-kids-left-scoreX.xvd	score	Cause	Left
5	11	11	741.8	348.9	6828	7683	856	NONE	Left	LAMI-kids-left-scoreX.xvd	score	Cause	Left
5	11	12	217.9	22.5	7746	7924	179	NONE	Left	LAMI-kids-left-scoreX.xvd	score	Cause	Left
5	11	13	165.8	-25.9	7942	8577	636	NONE	Left	LAMI-kids-left-scoreX.xvd	score	Cause	Left
5	11	14	706	275.5	8639	9010	372	AFTER	Left	LAMI-kids-left-scoreX.xvd	score	Cause	Left
5	11	15	179.8	15.1	9399	9543	144	BOTH	Left	LAMI-kids-left-scoreX.xvd	score	Cause	Left
5	12	1	984.5	382.8	4807	5268	462	BEFORE	Right	LAMI-kids-right-missX.xvd	miss	What if?	Right
5	12	2	1093.5	530.6	5308	5612	305	AFTER	Right	LAMI-kids-right-missX.xvd	miss	What if?	Right
5	12	3	1079.3	394.3	5868	5987	120	BEFORE	Right	LAMI-kids-right-missX.xvd	miss	What if?	Right
5	12	4	1064.5	384.3	5999	6356	358	NONE	Right	LAMI-kids-right-missX.xvd	miss	What if?	Right
5	12	5	1128.3	465.8	6390	7769	1380	NONE	Right	LAMI-kids-right-missX.xvd	miss	What if?	Right
5	12	6	1305.3	602.2	7795	9267	1473	NONE	Right	LAMI-kids-right-missX.xvd	miss	What if?	Right
5	12	7	1389.9	775.1	9290	10807	1517	NONE	Right	LAMI-kids-right-missX.xvd	miss	What if?	Right
6	1	1	924.8	655.2	13789	13867	79	NONE	Left	LAMI-kids-left-scoreX.xvd	score	Remember	Left
6	1	2	873.8	663.8	13889	14075	187	NONE	Left	LAMI-kids-left-scoreX.xvd	score	Remember	Left
6	1	3	953.6	405.8	14110	14319	210	NONE	Left	LAMI-kids-left-scoreX.xvd	score	Remember	Left
6	1	4	860.8	645.3	14363	14679	317	NONE	Left	LAMI-kids-left-scoreX.xvd	score	Remember	Left
6	1	5	929.7	365.7	14711	15304	594	NONE	Left	LAMI-kids-left-scoreX.xvd	score	Remember	Left
6	1	6	793	494.7	15336	15668	333	NONE	Left	LAMI-kids-left-scoreX.xvd	score	Remember	Left
6	1	7	757.6	403.9	15692	16324	633	NONE	Left	LAMI-kids-left-scoreX.xvd	score	Remember	Left
6	1	8	732	400.4	16341	16608	268	NONE	Left	LAMI-kids-left-scoreX.xvd	score	Remember	Left
6	1	9	692.4	326.7	16639	17352	714	AFTER	Left	LAMI-kids-left-scoreX.xvd	score	Remember	Left
6	1	10	286.3	247.5	17590	17682	93	BEFORE	Left	LAMI-kids-left-scoreX.xvd	score	Remember	Left
6	1	11	739.9	352.7	17758	18497	740	NONE	Left	LAMI-kids-left-scoreX.xvd	score	Remember	Left
6	1	12	649.8	304.7	18525	19219	695	NONE	Left	LAMI-kids-left-scoreX.xvd	score	Remember	Left
6	1	13	1042.2	394.9	19267	19510	244	NONE	Left	LAMI-kids-left-scoreX.xvd	score	Remember	Left
6	1	14	926.1	391.2	19541	19789	248	NONE	Left	LAMI-kids-left-scoreX.xvd	score	Remember	Left
6	2	1	1054.4	429.3	3641	4245	605	BEFORE	Right	LAMI-kids-right-missX.xvd	miss	Remember	Right
6	2	2	994.4	616.4	4292	4538	247	NONE	Right	LAMI-kids-right-missX.xvd	miss	Remember	Right
6	2	3	1023.7	343.9	4578	4915	338	NONE	Right	LAMI-kids-right-missX.xvd	miss	Remember	Right
6	2	4	1110.9	464.1	4944	5395	452	NONE	Right	LAMI-kids-right-missX.xvd	miss	Remember	Right
6	2	5	1105.5	433.1	5414	6156	743	NONE	Right	LAMI-kids-right-missX.xvd	miss	Remember	Right
6	2	6	1193.3	556	6179	7277	1099	NONE	Right	LAMI-kids-right-missX.xvd	miss	Remember	Right
6	2	7	1178	559.1	7311	7383	73	NONE	Right	LAMI-kids-right-missX.xvd	miss	Remember	Right
6	2	8	1251.2	720.4	7403	8385	983	NONE	Right	LAMI-kids-right-missX.xvd	miss	Remember	Right
6	2	9	1496.3	1228.5	8446	8760	315	NONE	Right	LAMI-kids-right-missX.xvd	miss	Remember	Right
6	2	10	1584.1	1183.8	8782	9272	491	NONE	Right	LAMI-kids-right-missX.xvd	miss	Remember	Right
6	2	11	1548.2	1215.6	9286	9548	262	NONE	Right	LAMI-kids-right-missX.xvd	miss	Remember	Right
6	3	1	1143.6	585.5	3495	3688	194	BEFORE	Right	LAMI-kids-right-missX.xvd	miss	What if?	Left
6	3	2	958	651.9	3733	3927	195	NONE	Right	LAMI-kids-right-missX.xvd	miss	What if?	Left
6	3	3	1081.9	404.3	3963	4854	892	NONE	Right	LAMI-kids-right-missX.xvd	miss	What if?	Left
6	3	4	1056.9	434.5	4895	5259	365	NONE	Right	LAMI-kids-right-missX.xvd	miss	What if?	Left
6	3	5	1143.2	12.7	5289	5646	358	NONE	Right	LAMI-kids-right-missX.xvd	miss	What if?	Left
6	3	6	1130.5	18.5	5673	5867	195	NONE	Right	LAMI-kids-right-missX.xvd	miss	What if?	Left
6	3	7	1169.7	113.3	5890	6003	114	NONE	Right	LAMI-kids-right-missX.xvd	miss	What if?	Left
6	3	8	1178.4	399.8	6018	6559	542	AFTER	Right	LAMI-kids-right-missX.xvd	miss	What if?	Left
6	3	9	1282.7	113.9	6831	7057	227	BEFORE	Right	LAMI-kids-right-missX.xvd	miss	What if?	Left
6	3	10	1655.3	690.6	7130	7661	532	NONE	Right	LAMI-kids-right-missX.xvd	miss	What if?	Left
6	3	11	1239.4	489.8	7724	7899	176	NONE	Right	LAMI-kids-right-missX.xvd	miss	What if?	Left
6	3	12	1328.2	487.4	7922	8191	270	NONE	Right	LAMI-kids-right-missX.xvd	miss	What if?	Left
6	3	13	1093.9	155.4	8241	8509	269	NONE	Right	LAMI-kids-right-missX.xvd	miss	What if?	Left
6	3	14	816.1	272.8	8562	9088	527	AFTER	Right	LAMI-kids-right-missX.xvd	miss	What if?	Left
6	3	15	-90.4	-188.6	9311	9449	138	BEFORE	Right	LAMI-kids-right-missX.xvd	miss	What if?	Left
6	4	1	1039.8	755.3	3796	4054	259	BEFORE	Right	LAMI-kids-right-scoreX.xvd	score	What if?	Right
6	4	2	965	435.6	4084	4519	436	NONE	Right	LAMI-kids-right-scoreX.xvd	score	What if?	Right
6	4	3	1053.8	418.6	4548	5671	1124	NONE	Right	LAMI-kids-right-scoreX.xvd	score	What if?	Right
6	4	4	1167.9	75.6	5692	5996	305	NONE	Right	LAMI-kids-right-scoreX.xvd	score	What if?	Right
6	4	5	1018.3	76.3	6033	6259	227	NONE	Right	LAMI-kids-right-scoreX.xvd	score	What if?	Right
6	4	6	1096	160.9	6277	6456	180	NONE	Right	LAMI-kids-right-scoreX.xvd	score	What if?	Right
6	4	7	1195.9	268.1	6481	6802	322	NONE	Right	LAMI-kids-right-scoreX.xvd	score	What if?	Right
6	4	8	1235.3	268.2	6821	7541	721	NONE	Right	LAMI-kids-right-scoreX.xvd	score	What if?	Right
6	4	9	1208.5	290.2	7556	7746	191	NONE	Right	LAMI-kids-right-scoreX.xvd	score	What if?	Right
6	4	10	1247.5	715.6	7806	7834	29	AFTER	Right	LAMI-kids-right-scoreX.xvd	score	What if?	Right
6	4	11	1297.2	497.4	8127	8183	57	BEFORE	Right	LAMI-kids-right-scoreX.xvd	score	What if?	Right
6	4	12	1271.2	250.5	8205	8516	312	NONE	Right	LAMI-kids-right-scoreX.xvd	score	What if?	Right
6	4	13	1208.3	349.4	8552	9070	519	NONE	Right	LAMI-kids-right-scoreX.xvd	score	What if?	Right
6	4	14	1518.1	1304.6	9157	9714	557	NONE	Right	LAMI-kids-right-scoreX.xvd	score	What if?	Right
6	5	1	889.7	719.1	3489	3701	213	BEFORE	Right	LAMI-kids-right-missX.xvd	miss	Remember	Right
6	5	2	1105.5	333.7	3736	4447	712	NONE	Right	LAMI-kids-right-missX.xvd	miss	Remember	Right
6	5	3	1040.9	247.6	4471	4653	183	NONE	Right	LAMI-kids-right-missX.xvd	miss	Remember	Right
6	5	4	1075.1	420.8	4681	4887	207	NONE	Right	LAMI-kids-right-missX.xvd	miss	Remember	Right
6	5	5	1055.5	459.5	4908	5411	504	NONE	Right	LAMI-kids-right-missX.xvd	miss	Remember	Right
6	5	6	1085	437.4	5433	5790	358	NONE	Right	LAMI-kids-right-missX.xvd	miss	Remember	Right
6	5	7	1154.7	518.7	5817	6222	406	NONE	Right	LAMI-kids-right-missX.xvd	miss	Remember	Right
6	5	8	1190.1	608	6233	7455	1223	NONE	Right	LAMI-kids-right-missX.xvd	miss	Remember	Right
6	5	9	1598.6	968	7498	7646	149	NONE	Right	LAMI-kids-right-missX.xvd	miss	Remember	Right
6	5	10	1656.4	1249.5	7678	8176	499	NONE	Right	LAMI-kids-right-missX.xvd	miss	Remember	Right
6	5	11	1316	841.6	8234	8369	136	AFTER	Right	LAMI-kids-right-missX.xvd	miss	Remember	Right
6	5	12	1226	922.9	8642	8772	131	BEFORE	Right	LAMI-kids-right-missX.xvd	miss	Remember	Right
6	5	13	867.8	1284.2	8818	9145	328	NONE	Right	LAMI-kids-right-missX.xvd	miss	Remember	Right
6	5	14	963.9	1229.5	9166	9302	136	NONE	Right	LAMI-kids-right-missX.xvd	miss	Remember	Right
6	6	1	1049.7	693.7	4688	4818	131	BEFORE	Left	LAMI-kids-left-scoreX.xvd	score	What if?	Right
6	6	2	861.4	629.3	4852	5219	368	NONE	Left	LAMI-kids-left-scoreX.xvd	score	What if?	Right
6	6	3	906.7	341.8	5256	5944	689	AFTER	Left	LAMI-kids-left-scoreX.xvd	score	What if?	Right
6	6	4	962.7	803.2	6516	6538	23	BEFORE	Left	LAMI-kids-left-scoreX.xvd	score	What if?	Right
6	6	5	745.6	419.6	6590	7347	758	NONE	Left	LAMI-kids-left-scoreX.xvd	score	What if?	Right
6	6	6	680	404.7	7365	8303	939	NONE	Left	LAMI-kids-left-scoreX.xvd	score	What if?	Right
6	6	7	633.7	357.7	8323	8617	295	NONE	Left	LAMI-kids-left-scoreX.xvd	score	What if?	Right
6	6	8	1155.6	395.5	8669	8880	212	NONE	Left	LAMI-kids-left-scoreX.xvd	score	What if?	Right
6	6	9	616.5	315.8	8932	9271	340	AFTER	Left	LAMI-kids-left-scoreX.xvd	score	What if?	Right
6	6	10	411	521.6	9562	9793	232	BEFORE	Left	LAMI-kids-left-scoreX.xvd	score	What if?	Right
6	6	11	654.2	295.6	9830	10042	213	NONE	Left	LAMI-kids-left-scoreX.xvd	score	What if?	Right
6	6	12	53.1	-37.7	10098	10318	221	NONE	Left	LAMI-kids-left-scoreX.xvd	score	What if?	Right
6	6	13	151.3	-34.6	10326	10558	232	NONE	Left	LAMI-kids-left-scoreX.xvd	score	What if?	Right
6	7	1	901.4	536.5	3725	4196	472	BEFORE	Left	LAMI-kids-left-scoreX.xvd	score	Cause	Left
6	7	2	811.4	636.7	4224	5049	826	NONE	Left	LAMI-kids-left-scoreX.xvd	score	Cause	Left
6	7	3	1682.5	595.1	5132	5278	147	NONE	Left	LAMI-kids-left-scoreX.xvd	score	Cause	Left
6	7	4	1709.4	756.3	5321	5439	119	NONE	Left	LAMI-kids-left-scoreX.xvd	score	Cause	Left
6	7	5	1704.1	784.9	5463	5645	183	NONE	Left	LAMI-kids-left-scoreX.xvd	score	Cause	Left
6	7	6	807.4	112.3	5791	6081	291	NONE	Left	LAMI-kids-left-scoreX.xvd	score	Cause	Left
6	7	7	697	346.1	6107	7079	973	NONE	Left	LAMI-kids-left-scoreX.xvd	score	Cause	Left
6	7	8	663.2	357.9	7099	7634	536	NONE	Left	LAMI-kids-left-scoreX.xvd	score	Cause	Left
6	7	9	152.4	3.7	7703	8132	430	NONE	Left	LAMI-kids-left-scoreX.xvd	score	Cause	Left
6	7	10	775	346.4	8194	8502	309	NONE	Left	LAMI-kids-left-scoreX.xvd	score	Cause	Left
6	7	11	616.7	351.1	8530	9437	908	NONE	Left	LAMI-kids-left-scoreX.xvd	score	Cause	Left
6	7	12	1102.3	487	9500	9556	56	NONE	Left	LAMI-kids-left-scoreX.xvd	score	Cause	Left
6	8	1	1107.8	571.8	3105	3347	243	BEFORE	Right	LAMI-kids-right-missX.xvd	miss	Cause	Left
6	8	2	956.7	594.7	3379	3669	291	NONE	Right	LAMI-kids-right-missX.xvd	miss	Cause	Left
6	8	3	1014.9	338.6	3710	4476	767	NONE	Right	LAMI-kids-right-missX.xvd	miss	Cause	Left
6	8	4	1084.3	449.6	4505	4867	363	NONE	Right	LAMI-kids-right-missX.xvd	miss	Cause	Left
6	8	5	1079.5	430.1	4890	5438	549	NONE	Right	LAMI-kids-right-missX.xvd	miss	Cause	Left
6	8	6	1145.3	542.5	5459	5869	411	NONE	Right	LAMI-kids-right-missX.xvd	miss	Cause	Left
6	8	7	1142.2	532.9	5886	6377	492	NONE	Right	LAMI-kids-right-missX.xvd	miss	Cause	Left
6	8	8	1267.1	671	6420	7151	732	NONE	Right	LAMI-kids-right-missX.xvd	miss	Cause	Left
6	8	9	1582.2	955.1	7197	7753	557	NONE	Right	LAMI-kids-right-missX.xvd	miss	Cause	Left
6	8	10	1324.4	745.1	7810	8027	218	NONE	Right	LAMI-kids-right-missX.xvd	miss	Cause	Left
6	8	11	1326.5	829.2	8045	8439	395	NONE	Right	LAMI-kids-right-missX.xvd	miss	Cause	Left
6	8	12	1560.7	1299.3	8499	8888	390	NONE	Right	LAMI-kids-right-missX.xvd	miss	Cause	Left
6	8	13	1287.4	809.7	8950	8951	1	NONE	Right	LAMI-kids-right-missX.xvd	miss	Cause	Left
6	9	1	889.5	657.8	3792	4072	281	BEFORE	Left	LAMI-kids-left-missX.xvd	miss	Cause	Left
6	9	2	786.4	366.9	4107	5096	990	NONE	Left	LAMI-kids-left-missX.xvd	miss	Cause	Left
6	9	3	852.7	406.9	5126	5340	215	NONE	Left	LAMI-kids-left-missX.xvd	miss	Cause	Left
6	9	4	823.6	352.7	5360	5806	447	NONE	Left	LAMI-kids-left-missX.xvd	miss	Cause	Left
6	9	5	763.3	394.2	5822	6375	554	AFTER	Left	LAMI-kids-left-missX.xvd	miss	Cause	Left
6	9	6	688.9	892.1	6778	7053	276	BEFORE	Left	LAMI-kids-left-missX.xvd	miss	Cause	Left
6	9	7	781.7	1608	7147	7172	26	NONE	Left	LAMI-kids-left-missX.xvd	miss	Cause	Left
6	9	8	831	1363.7	7178	7378	201	NONE	Left	LAMI-kids-left-missX.xvd	miss	Cause	Left
6	9	9	957.5	1366	7408	7642	235	NONE	Left	LAMI-kids-left-missX.xvd	miss	Cause	Left
6	9	10	1010.3	1193.7	7662	7974	313	NONE	Left	LAMI-kids-left-missX.xvd	miss	Cause	Left
6	9	11	645	730.1	8036	8617	582	NONE	Left	LAMI-kids-left-missX.xvd	miss	Cause	Left
6	9	12	666.4	840.6	8623	8791	169	NONE	Left	LAMI-kids-left-missX.xvd	miss	Cause	Left
6	9	13	1403.1	1221.9	8871	8986	116	NONE	Left	LAMI-kids-left-missX.xvd	miss	Cause	Left
6	9	14	1570.9	1292.2	9018	9792	774	NONE	Left	LAMI-kids-left-missX.xvd	miss	Cause	Left
6	10	1	985.7	527.8	4082	4268	187	BEFORE	Right	LAMI-kids-right-missX.xvd	miss	What if?	Left
6	10	2	973.8	710.2	4312	4634	323	NONE	Right	LAMI-kids-right-missX.xvd	miss	What if?	Left
6	10	3	1077.2	425.5	4673	5647	975	NONE	Right	LAMI-kids-right-missX.xvd	miss	What if?	Left
6	10	4	1079.5	253.8	5666	5819	154	NONE	Right	LAMI-kids-right-missX.xvd	miss	What if?	Left
6	10	5	1146.6	391.5	5883	7114	1232	NONE	Right	LAMI-kids-right-missX.xvd	miss	What if?	Left
6	10	6	1328	744.7	7145	7431	287	NONE	Right	LAMI-kids-right-missX.xvd	miss	What if?	Left
6	10	7	1561.4	1105.1	7466	7608	143	NONE	Right	LAMI-kids-right-missX.xvd	miss	What if?	Left
6	10	8	1613.7	1291.8	7651	8087	437	NONE	Right	LAMI-kids-right-missX.xvd	miss	What if?	Left
6	10	9	1253.3	810.4	8150	8316	167	NONE	Right	LAMI-kids-right-missX.xvd	miss	What if?	Left
6	10	10	1271.1	815.9	8336	9168	833	NONE	Right	LAMI-kids-right-missX.xvd	miss	What if?	Left
6	10	11	1308.6	853.9	9181	9768	588	NONE	Right	LAMI-kids-right-missX.xvd	miss	What if?	Left
6	10	12	1297.9	788.8	9798	9941	143	NONE	Right	LAMI-kids-right-missX.xvd	miss	What if?	Left
6	11	1	1036.2	568.2	3969	4148	180	BEFORE	Right	LAMI-kids-right-scoreX.xvd	score	Cause	Left
6	11	2	958.5	667.5	4190	4361	172	NONE	Right	LAMI-kids-right-scoreX.xvd	score	Cause	Left
6	11	3	951.4	344.3	4401	5241	841	NONE	Right	LAMI-kids-right-scoreX.xvd	score	Cause	Left
6	11	4	1111.6	441	5287	5484	198	NONE	Right	LAMI-kids-right-scoreX.xvd	score	Cause	Left
6	11	5	1093.4	352.3	5512	6547	1036	NONE	Right	LAMI-kids-right-scoreX.xvd	score	Cause	Left
6	11	6	1211.1	309.3	6574	7014	441	NONE	Right	LAMI-kids-right-scoreX.xvd	score	Cause	Left
6	11	7	1186.7	323.3	7032	7315	284	AFTER	Right	LAMI-kids-right-scoreX.xvd	score	Cause	Left
6	11	8	923.2	435.6	7882	8065	184	BEFORE	Right	LAMI-kids-right-scoreX.xvd	score	Cause	Left
6	11	9	1241.3	355.3	8119	8664	546	NONE	Right	LAMI-kids-right-scoreX.xvd	score	Cause	Left
6	11	10	2738	403.6	8785	8975	191	NONE	Right	LAMI-kids-right-scoreX.xvd	score	Cause	Left
6	11	11	1159	416.7	9064	9269	206	NONE	Right	LAMI-kids-right-scoreX.xvd	score	Cause	Left
6	11	12	1271.6	336.3	9298	9708	411	NONE	Right	LAMI-kids-right-scoreX.xvd	score	Cause	Left
6	11	13	1249.5	325.9	9724	9813	89	NONE	Right	LAMI-kids-right-scoreX.xvd	score	Cause	Left
6	12	1	963.5	310.9	3906	5087	1182	BEFORE	Left	LAMI-kids-left-scoreX.xvd	score	Remember	Left
6	12	2	902.5	510.7	5139	5287	149	NONE	Left	LAMI-kids-left-scoreX.xvd	score	Remember	Left
6	12	3	850.6	479.3	5330	5563	234	NONE	Left	LAMI-kids-left-scoreX.xvd	score	Remember	Left
6	12	4	947.5	381.9	5596	6242	647	NONE	Left	LAMI-kids-left-scoreX.xvd	score	Remember	Left
6	12	5	812.3	387.7	6272	6517	246	NONE	Left	LAMI-kids-left-scoreX.xvd	score	Remember	Left
6	12	6	689.7	364.4	6546	7449	904	NONE	Left	LAMI-kids-left-scoreX.xvd	score	Remember	Left
6	12	7	701.9	318.6	7470	7741	272	NONE	Left	LAMI-kids-left-scoreX.xvd	score	Remember	Left
6	12	8	656.1	304.7	7760	8045	286	NONE	Left	LAMI-kids-left-scoreX.xvd	score	Remember	Left
6	12	9	149.4	-41.9	8109	8270	162	NONE	Left	LAMI-kids-left-scoreX.xvd	score	Remember	Left
6	12	10	106.5	-65.5	8287	8973	687	AFTER	Left	LAMI-kids-left-scoreX.xvd	score	Remember	Left
6	12	11	837.7	355.3	9233	9412	180	BEFORE	Left	LAMI-kids-left-scoreX.xvd	score	Remember	Left
6	12	12	1504.6	746	9504	9575	72	NONE	Left	LAMI-kids-left-scoreX.xvd	score	Remember	Left
6	12	13	1854.2	1219.2	9632	9847	216	NONE	Left	LAMI-kids-left-scoreX.xvd	score	Remember	Left
7	1	1	919	455.8	8073	8387	315	BEFORE	Left	LAMI-kids-left-scoreX.xvd	score	Cause	Right
7	1	2	830.2	631	8414	8980	567	NONE	Left	LAMI-kids-left-scoreX.xvd	score	Cause	Right
7	1	3	816.3	354.1	9029	9369	341	NONE	Left	LAMI-kids-left-scoreX.xvd	score	Cause	Right
7	1	4	740.1	633.7	9408	9777	370	NONE	Left	LAMI-kids-left-scoreX.xvd	score	Cause	Right
7	1	5	1076.1	377.9	9820	10644	825	NONE	Left	LAMI-kids-left-scoreX.xvd	score	Cause	Right
7	1	6	861.7	571.1	10675	10812	138	NONE	Left	LAMI-kids-left-scoreX.xvd	score	Cause	Right
7	1	7	663	436.7	10841	11364	524	NONE	Left	LAMI-kids-left-scoreX.xvd	score	Cause	Right
7	1	8	635	431.4	11381	11657	277	AFTER	Left	LAMI-kids-left-scoreX.xvd	score	Cause	Right
7	1	9	518.8	339.5	11899	12117	219	BEFORE	Left	LAMI-kids-left-scoreX.xvd	score	Cause	Right
7	1	10	634.8	454.9	12143	12527	385	NONE	Left	LAMI-kids-left-scoreX.xvd	score	Cause	Right
7	1	11	560.1	457.2	12546	13085	540	AFTER	Left	LAMI-kids-left-scoreX.xvd	score	Cause	Right
7	1	12	517.2	404.3	13271	13420	150	BEFORE	Left	LAMI-kids-left-scoreX.xvd	score	Cause	Right
7	1	13	15.7	-162.1	13500	13832	333	NONE	Left	LAMI-kids-left-scoreX.xvd	score	Cause	Right
7	1	14	-48.9	-270.4	13859	14073	214	NONE	Left	LAMI-kids-left-scoreX.xvd	score	Cause	Right
7	2	1	1357.2	229.7	3065	3305	241	NONE	Right	LAMI-kids-right-missX.xvd	miss	What if?	Left
7	2	2	1152.9	340.5	3337	3696	360	NONE	Right	LAMI-kids-right-missX.xvd	miss	What if?	Left
7	2	3	955.5	553.9	3730	3929	200	AFTER	Right	LAMI-kids-right-missX.xvd	miss	What if?	Left
7	2	4	878	804.8	4389	4445	57	BEFORE	Right	LAMI-kids-right-missX.xvd	miss	What if?	Left
7	2	5	948.7	828.2	4498	4589	92	NONE	Right	LAMI-kids-right-missX.xvd	miss	What if?	Left
7	2	6	912.2	699.8	4704	4791	88	NONE	Right	LAMI-kids-right-missX.xvd	miss	What if?	Left
7	2	7	939.8	568.6	4875	4899	25	NONE	Right	LAMI-kids-right-missX.xvd	miss	What if?	Left
7	2	8	1079.4	371.6	4978	5062	85	NONE	Right	LAMI-kids-right-missX.xvd	miss	What if?	Left
7	2	9	1103.4	382.9	5073	5586	514	NONE	Right	LAMI-kids-right-missX.xvd	miss	What if?	Left
7	2	10	1219.7	399.2	5608	5882	275	NONE	Right	LAMI-kids-right-missX.xvd	miss	What if?	Left
7	2	11	1390.9	526.8	5915	6142	228	NONE	Right	LAMI-kids-right-missX.xvd	miss	What if?	Left
7	2	12	1279.9	554.4	6163	6344	182	NONE	Right	LAMI-kids-right-missX.xvd	miss	What if?	Left
7	2	13	972.4	944.9	6392	6816	425	NONE	Right	LAMI-kids-right-missX.xvd	miss	What if?	Left
7	2	14	1122.2	763.2	6845	7055	211	NONE	Right	LAMI-kids-right-missX.xvd	miss	What if?	Left
7	2	15	1497.6	390.4	7124	7469	346	NONE	Right	LAMI-kids-right-missX.xvd	miss	What if?	Left
7	2	16	1376.4	459.7	7494	8183	690	NONE	Right	LAMI-kids-right-missX.xvd	miss	What if?	Left
7	2	17	1458.1	455.2	8201	8547	347	NONE	Right	LAMI-kids-right-missX.xvd	miss	What if?	Left
7	2	18	1413.1	475.2	8565	8893	329	NONE	Right	LAMI-kids-right-missX.xvd	miss	What if?	Left
7	2	19	1456.7	458.4	8911	9064	153	NONE	Right	LAMI-kids-right-missX.xvd	miss	What if?	Left
7	3	1	1125.3	459.5	3159	3714	556	AFTER	Right	LAMI-kids-right-missX.xvd	miss	What if?	Left
7	3	2	-207.7	-874	4181	4471	291	BEFORE	Right	LAMI-kids-right-missX.xvd	miss	What if?	Left
7	3	3	-31.8	4.8	4539	4694	156	NONE	Right	LAMI-kids-right-missX.xvd	miss	What if?	Left
7	3	4	1013.5	474.6	4771	4997	227	NONE	Right	LAMI-kids-right-missX.xvd	miss	What if?	Left
7	3	5	1186.2	401.3	5027	5972	946	NONE	Right	LAMI-kids-right-missX.xvd	miss	What if?	Left
7	3	6	1280.2	460.3	5995	6210	216	NONE	Right	LAMI-kids-right-missX.xvd	miss	What if?	Left
7	3	7	973.1	1098.6	6325	6419	95	NONE	Right	LAMI-kids-right-missX.xvd	miss	What if?	Left
7	3	8	1012.4	1049.1	6425	6506	82	NONE	Right	LAMI-kids-right-missX.xvd	miss	What if?	Left
7	3	9	584.5	1561.8	6549	6851	303	NONE	Right	LAMI-kids-right-missX.xvd	miss	What if?	Left
7	3	10	805.9	1077.3	6909	7191	283	NONE	Right	LAMI-kids-right-missX.xvd	miss	What if?	Left
7	3	11	949.2	981	7217	7673	457	NONE	Right	LAMI-kids-right-missX.xvd	miss	What if?	Left
7	3	12	1121.1	860.2	7707	7915	209	NONE	Right	LAMI-kids-right-missX.xvd	miss	What if?	Left
7	3	13	1448.2	466.8	7986	8394	409	NONE	Right	LAMI-kids-right-missX.xvd	miss	What if?	Left
7	3	14	1360.5	523.6	8417	8734	318	NONE	Right	LAMI-kids-right-missX.xvd	miss	What if?	Left
7	3	15	1500.2	404.2	8762	9159	397	NONE	Right	LAMI-kids-right-missX.xvd	miss	What if?	Left
7	4	1	819.9	533.7	3734	4273	540	NONE	Left	LAMI-kids-left-scoreX.xvd	score	Remember	Left
7	4	2	778.1	561.7	4291	6296	2006	NONE	Left	LAMI-kids-left-scoreX.xvd	score	Remember	Left
7	4	3	729.3	745.4	6336	6551	216	NONE	Left	LAMI-kids-left-scoreX.xvd	score	Remember	Left
7	4	4	726.3	574.3	6575	6813	239	NONE	Left	LAMI-kids-left-scoreX.xvd	score	Remember	Left
7	4	5	639.4	420	6843	7674	832	NONE	Left	LAMI-kids-left-scoreX.xvd	score	Remember	Left
7	4	6	546.4	439.9	7692	8070	379	NONE	Left	LAMI-kids-left-scoreX.xvd	score	Remember	Left
7	4	7	602	427.5	8085	8352	268	NONE	Left	LAMI-kids-left-scoreX.xvd	score	Remember	Left
7	4	8	1225.9	304.6	8406	8717	312	NONE	Left	LAMI-kids-left-scoreX.xvd	score	Remember	Left
7	4	9	2447.9	1437.5	8894	8980	87	NONE	Left	LAMI-kids-left-scoreX.xvd	score	Remember	Left
7	4	10	1964.6	534.2	9075	9217	143	NONE	Left	LAMI-kids-left-scoreX.xvd	score	Remember	Left
7	4	11	970.4	1270.2	9293	9655	363	NONE	Left	LAMI-kids-left-scoreX.xvd	score	Remember	Left
7	4	12	587.2	1729	9695	9733	38	NONE	Left	LAMI-kids-left-scoreX.xvd	score	Remember	Left
7	5	1	671.5	344.8	2798	3389	592	NONE	Left	LAMI-kids-left-scoreX.xvd	score	What if?	Right
7	5	2	1037.3	377.4	3426	3679	254	NONE	Left	LAMI-kids-left-scoreX.xvd	score	What if?	Right
7	5	3	780.4	598.3	3711	4529	819	AFTER	Left	LAMI-kids-left-scoreX.xvd	score	What if?	Right
7	5	4	729.8	524.6	4806	5210	405	BEFORE	Left	LAMI-kids-left-scoreX.xvd	score	What if?	Right
7	5	5	678.1	555	5227	5547	321	NONE	Left	LAMI-kids-left-scoreX.xvd	score	What if?	Right
7	5	6	641	514	5562	5768	207	NONE	Left	LAMI-kids-left-scoreX.xvd	score	What if?	Right
7	5	7	554.7	460.7	5790	6045	256	NONE	Left	LAMI-kids-left-scoreX.xvd	score	What if?	Right
7	5	8	268.8	284.9	6086	6272	187	NONE	Left	LAMI-kids-left-scoreX.xvd	score	What if?	Right
7	5	9	704	426.1	6318	7123	806	NONE	Left	LAMI-kids-left-scoreX.xvd	score	What if?	Right
7	5	10	512.1	462.7	7154	7336	183	NONE	Left	LAMI-kids-left-scoreX.xvd	score	What if?	Right
7	5	11	-111.9	-447.8	7489	7616	128	NONE	Left	LAMI-kids-left-scoreX.xvd	score	What if?	Right
7	5	12	520.3	466	7696	8051	356	NONE	Left	LAMI-kids-left-scoreX.xvd	score	What if?	Right
7	5	13	614.2	394.3	8075	8403	329	NONE	Left	LAMI-kids-left-scoreX.xvd	score	What if?	Right
7	5	14	106.6	48.8	8464	8694	231	NONE	Left	LAMI-kids-left-scoreX.xvd	score	What if?	Right
7	5	15	83.1	-9.9	8713	8783	70	NONE	Left	LAMI-kids-left-scoreX.xvd	score	What if?	Right
7	6	1	934.1	517.6	7249	7856	608	BEFORE	Right	LAMI-kids-right-scoreX.xvd	score	Cause	Left
7	6	2	918.1	596.7	7875	8156	282	NONE	Right	LAMI-kids-right-scoreX.xvd	score	Cause	Left
7	6	3	1020.3	268.9	8202	8702	501	NONE	Right	LAMI-kids-right-scoreX.xvd	score	Cause	Left
7	6	4	988.7	552.4	8758	9239	482	NONE	Right	LAMI-kids-right-scoreX.xvd	score	Cause	Left
7	6	5	1066.9	433.4	9259	10206	948	NONE	Right	LAMI-kids-right-scoreX.xvd	score	Cause	Left
7	6	6	1150.3	303.8	10216	11431	1216	AFTER	Right	LAMI-kids-right-scoreX.xvd	score	Cause	Left
7	6	7	474	1043.7	11694	11854	161	BOTH	Right	LAMI-kids-right-scoreX.xvd	score	Cause	Left
7	6	8	580.7	71.2	12101	12215	115	BOTH	Right	LAMI-kids-right-scoreX.xvd	score	Cause	Left
7	6	9	-109.5	-621.1	12724	12847	124	BEFORE	Right	LAMI-kids-right-scoreX.xvd	score	Cause	Left
7	6	10	11.8	-146.3	12905	13084	180	NONE	Right	LAMI-kids-right-scoreX.xvd	score	Cause	Left
7	6	11	921.4	1099.2	13213	13248	35	NONE	Right	LAMI-kids-right-scoreX.xvd	score	Cause	Left
7	7	1	838.5	529	2876	3160	285	BEFORE	Right	LAMI-kids-right-missX.xvd	miss	Remember	Right
7	7	2	1045.3	388.3	3188	3418	231	AFTER	Right	LAMI-kids-right-missX.xvd	miss	Remember	Right
7	7	3	980.9	438.4	3933	4296	364	BEFORE	Right	LAMI-kids-right-missX.xvd	miss	Remember	Right
7	7	4	1127.2	434.8	4331	4816	486	NONE	Right	LAMI-kids-right-missX.xvd	miss	Remember	Right
7	7	5	1042.3	412.3	4838	5074	237	NONE	Right	LAMI-kids-right-missX.xvd	miss	Remember	Right
7	7	6	1129.8	393.6	5095	5802	708	NONE	Right	LAMI-kids-right-missX.xvd	miss	Remember	Right
7	7	7	949.2	799.7	5853	6066	214	NONE	Right	LAMI-kids-right-missX.xvd	miss	Remember	Right
7	7	8	1196.2	505.2	6116	6524	409	AFTER	Right	LAMI-kids-right-missX.xvd	miss	Remember	Right
7	7	9	1293.4	556.2	6760	7499	740	BEFORE	Right	LAMI-kids-right-missX.xvd	miss	Remember	Right
7	7	10	1340.9	523.4	7516	8006	491	NONE	Right	LAMI-kids-right-missX.xvd	miss	Remember	Right
7	7	11	1328.9	496.6	8026	8575	550	NONE	Right	LAMI-kids-right-missX.xvd	miss	Remember	Right
7	7	12	1055.4	497.4	8666	8876	210	AFTER	Right	LAMI-kids-right-missX.xvd	miss	Remember	Right
7	8	1	618.1	428.7	2402	2999	598	NONE	Left	LAMI-kids-left-scoreX.xvd	score	What if?	Right
7	8	2	891.5	580.6	3037	3681	645	NONE	Left	LAMI-kids-left-scoreX.xvd	score	What if?	Right
7	8	3	749.9	616.6	3702	4231	530	AFTER	Left	LAMI-kids-left-scoreX.xvd	score	What if?	Right
7	8	4	1223.3	294.4	4412	4601	190	BEFORE	Left	LAMI-kids-left-scoreX.xvd	score	What if?	Right
7	8	5	901.7	435.1	4638	5461	824	NONE	Left	LAMI-kids-left-scoreX.xvd	score	What if?	Right
7	8	6	556.8	463.1	5508	5950	443	NONE	Left	LAMI-kids-left-scoreX.xvd	score	What if?	Right
7	8	7	651.3	456.3	5969	6160	192	NONE	Left	LAMI-kids-left-scoreX.xvd	score	What if?	Right
7	8	8	533.4	471.3	6185	7246	1062	NONE	Left	LAMI-kids-left-scoreX.xvd	score	What if?	Right
7	8	9	634.8	420.1	7266	7734	469	AFTER	Left	LAMI-kids-left-scoreX.xvd	score	What if?	Right
7	8	10	819.9	483.7	8084	8147	64	BEFORE	Left	LAMI-kids-left-scoreX.xvd	score	What if?	Right
7	8	11	813.9	498.4	8158	8268	111	NONE	Left	LAMI-kids-left-scoreX.xvd	score	What if?	Right
7	8	12	745.3	1020.1	8336	8393	57	NONE	Left	LAMI-kids-left-scoreX.xvd	score	What if?	Right
7	9	1	618.8	370.2	1012	1027	16	NONE	Left	LAMI-kids-left-missX.xvd	miss	Cause	Left
7	9	2	785.7	521.8	1062	1595	534	NONE	Left	LAMI-kids-left-missX.xvd	miss	Cause	Left
7	9	3	940.6	462.2	1625	1955	331	NONE	Left	LAMI-kids-left-missX.xvd	miss	Cause	Left
7	9	4	888.2	536.2	1974	2938	965	NONE	Left	LAMI-kids-left-missX.xvd	miss	Cause	Left
7	9	5	820.3	498.2	2953	3549	597	NONE	Left	LAMI-kids-left-missX.xvd	miss	Cause	Left
7	9	6	728.5	561.1	3572	3739	168	NONE	Left	LAMI-kids-left-missX.xvd	miss	Cause	Left
7	9	7	787.2	562	3760	4051	292	NONE	Left	LAMI-kids-left-missX.xvd	miss	Cause	Left
7	9	8	641.4	685.7	4080	4788	709	AFTER	Left	LAMI-kids-left-missX.xvd	miss	Cause	Left
7	9	9	390.6	1176.9	5025	5048	24	BEFORE	Left	LAMI-kids-left-missX.xvd	miss	Cause	Left
7	9	10	285.5	1163	5167	5197	31	NONE	Left	LAMI-kids-left-missX.xvd	miss	Cause	Left
7	9	11	274.5	1139	5241	5373	133	NONE	Left	LAMI-kids-left-missX.xvd	miss	Cause	Left
7	9	12	506.1	1097.8	5443	5538	96	NONE	Left	LAMI-kids-left-missX.xvd	miss	Cause	Left
7	9	13	571.3	977	5553	5900	348	NONE	Left	LAMI-kids-left-missX.xvd	miss	Cause	Left
7	9	14	549.1	899.8	5913	6127	215	NONE	Left	LAMI-kids-left-missX.xvd	miss	Cause	Left
7	9	15	625.8	806.3	6144	6392	249	NONE	Left	LAMI-kids-left-missX.xvd	miss	Cause	Left
7	9	16	568.3	807.4	6412	6542	131	NONE	Left	LAMI-kids-left-missX.xvd	miss	Cause	Left
7	9	17	627.5	810.3	6561	7012	451	NONE	Left	LAMI-kids-left-missX.xvd	miss	Cause	Left
7	10	1	681.6	426	1572	2140	569	NONE	Left	LAMI-kids-left-missX.xvd	miss	Cause	Left
7	10	2	875.5	540.5	2172	2501	330	NONE	Left	LAMI-kids-left-missX.xvd	miss	Cause	Left
7	10	3	-6.2	525.6	2575	2814	240	NONE	Left	LAMI-kids-left-missX.xvd	miss	Cause	Left
7	10	4	-171.9	26.3	2904	2965	62	AFTER	Left	LAMI-kids-left-missX.xvd	miss	Cause	Left
7	10	5	789.6	462.1	3327	3682	356	BEFORE	Left	LAMI-kids-left-missX.xvd	miss	Cause	Left
7	10	6	783.4	543.5	3698	4417	720	AFTER	Left	LAMI-kids-left-missX.xvd	miss	Cause	Left
7	10	7	674.4	648.1	4718	5007	290	BEFORE	Left	LAMI-kids-left-missX.xvd	miss	Cause	Left
7	10	8	430.2	881.4	5046	5149	104	NONE	Left	LAMI-kids-left-missX.xvd	miss	Cause	Left
7	10	9	691.1	726.5	5182	5489	308	NONE	Left	LAMI-kids-left-missX.xvd	miss	Cause	Left
7	10	10	534.6	820	5520	5774	255	NONE	Left	LAMI-kids-left-missX.xvd	miss	Cause	Left
7	10	11	604.4	791.9	5793	6156	364	NONE	Left	LAMI-kids-left-missX.xvd	miss	Cause	Left
7	10	12	557.6	766.7	6174	7571	1397	AFTER	Left	LAMI-kids-left-missX.xvd	miss	Cause	Left
7	11	1	1150.1	275.5	6500	7000	501	BOTH	Right	LAMI-kids-right-missX.xvd	miss	Remember	Right
7	11	2	927.7	542.6	7369	7562	194	BEFORE	Right	LAMI-kids-right-missX.xvd	miss	Remember	Right
7	11	3	1136.8	466.7	7591	8670	1080	NONE	Right	LAMI-kids-right-missX.xvd	miss	Remember	Right
7	11	4	1209.9	388.3	8685	9446	762	NONE	Right	LAMI-kids-right-missX.xvd	miss	Remember	Right
7	11	5	1397.3	514.1	9479	9689	211	NONE	Right	LAMI-kids-right-missX.xvd	miss	Remember	Right
7	11	6	1304.7	478.5	9712	10120	409	NONE	Right	LAMI-kids-right-missX.xvd	miss	Remember	Right
7	11	7	1311.6	455.1	10137	10349	213	NONE	Right	LAMI-kids-right-missX.xvd	miss	Remember	Right
7	11	8	1408.8	476.3	10374	10939	566	NONE	Right	LAMI-kids-right-missX.xvd	miss	Remember	Right
7	11	9	1442.4	422.3	10952	10998	47	NONE	Right	LAMI-kids-right-missX.xvd	miss	Remember	Right
7	11	10	1448.3	406.5	11005	11246	242	NONE	Right	LAMI-kids-right-missX.xvd	miss	Remember	Right
7	11	11	1431.9	349.5	11255	11670	416	NONE	Right	LAMI-kids-right-missX.xvd	miss	Remember	Right
7	11	12	1435.1	415.6	11681	11880	200	NONE	Right	LAMI-kids-right-missX.xvd	miss	Remember	Right
7	11	13	1432.5	415.3	11888	12445	557	AFTER	Right	LAMI-kids-right-missX.xvd	miss	Remember	Right
7	12	1	739.7	515.9	6045	6414	370	BEFORE	Left	LAMI-kids-left-scoreX.xvd	score	Remember	Left
7	12	2	578.9	476.9	6439	6914	476	NONE	Left	LAMI-kids-left-scoreX.xvd	score	Remember	Left
7	12	3	635.6	464.7	6931	7103	173	AFTER	Left	LAMI-kids-left-scoreX.xvd	score	Remember	Left
7	12	4	645.9	424	7311	8760	1450	BEFORE	Left	LAMI-kids-left-scoreX.xvd	score	Remember	Left
7	12	5	646.1	429.5	8774	9110	337	NONE	Left	LAMI-kids-left-scoreX.xvd	score	Remember	Left
7	12	6	1096.4	361.8	9158	9430	272	NONE	Left	LAMI-kids-left-scoreX.xvd	score	Remember	Left
8	1	1	636.1	266.6	17673	17890	218	NONE	Right	LAMI-kids-right-missX.xvd	miss	What if?	Left
8	1	2	973.5	493.6	17935	18717	783	AFTER	Right	LAMI-kids-right-missX.xvd	miss	What if?	Left
8	1	3	1061	416.5	18892	19236	345	BEFORE	Right	LAMI-kids-right-missX.xvd	miss	What if?	Left
8	1	4	1025	576.7	19286	19566	281	NONE	Right	LAMI-kids-right-missX.xvd	miss	What if?	Left
8	1	5	1064.3	486.5	19598	20276	679	AFTER	Right	LAMI-kids-right-missX.xvd	miss	What if?	Left
8	1	6	1183.9	584.3	20463	20608	146	BOTH	Right	LAMI-kids-right-missX.xvd	miss	What if?	Left
8	1	7	1149.2	606.9	21525	21680	156	BEFORE	Right	LAMI-kids-right-missX.xvd	miss	What if?	Left
8	1	8	1243.9	692.8	21711	22086	376	NONE	Right	LAMI-kids-right-missX.xvd	miss	What if?	Left
8	1	9	1291.8	756.5	22108	22546	439	NONE	Right	LAMI-kids-right-missX.xvd	miss	What if?	Left
8	1	10	1350.9	817.8	22562	23673	1111	NONE	Right	LAMI-kids-right-missX.xvd	miss	What if?	Left
8	2	1	779.3	487.2	5953	6194	242	NONE	Left	LAMI-kids-left-scoreX.xvd	score	What if?	Right
8	2	2	879.4	575	6237	6753	517	NONE	Left	LAMI-kids-left-scoreX.xvd	score	What if?	Right
8	2	3	965.6	421.6	6779	7096	318	NONE	Left	LAMI-kids-left-scoreX.xvd	score	What if?	Right
8	2	4	810.3	485	7121	8373	1253	NONE	Left	LAMI-kids-left-scoreX.xvd	score	What if?	Right
8	2	5	701.8	370.2	8396	9380	985	NONE	Left	LAMI-kids-left-scoreX.xvd	score	What if?	Right
8	2	6	862.1	486.8	9556	9592	37	NONE	Left	LAMI-kids-left-scoreX.xvd	score	What if?	Right
8	2	7	865.3	468.1	9605	9870	266	AFTER	Left	LAMI-kids-left-scoreX.xvd	score	What if?	Right
8	2	8	812.4	493.1	10097	10139	43	BEFORE	Left	LAMI-kids-left-scoreX.xvd	score	What if?	Right
8	2	9	836.5	479	10193	10724	532	NONE	Left	LAMI-kids-left-scoreX.xvd	score	What if?	Right
8	2	10	1427.4	-41.2	10782	10922	141	NONE	Left	LAMI-kids-left-scoreX.xvd	score	What if?	Right
8	2	11	1546.1	-136.5	10946	11024	79	NONE	Left	LAMI-kids-left-scoreX.xvd	score	What if?	Right
8	2	12	1522.7	-132.5	11032	11311	280	AFTER	Left	LAMI-kids-left-scoreX.xvd	score	What if?	Right
8	3	1	1146.6	457.9	7021	7340	320	BEFORE	Right	LAMI-kids-right-missX.xvd	miss	Cause	Left
8	3	2	965.9	613.8	7377	7608	232	AFTER	Right	LAMI-kids-right-missX.xvd	miss	Cause	Left
8	3	3	1159.9	1133.4	8160	8239	80	BEFORE	Right	LAMI-kids-right-missX.xvd	miss	Cause	Left
8	3	4	1125.4	681	8302	8425	124	NONE	Right	LAMI-kids-right-missX.xvd	miss	Cause	Left
8	3	5	1045.7	562.7	8459	8734	276	AFTER	Right	LAMI-kids-right-missX.xvd	miss	Cause	Left
8	3	6	1083.7	526.8	8984	9324	341	BOTH	Right	LAMI-kids-right-missX.xvd	miss	Cause	Left
8	3	7	1148.4	578.6	9619	9777	159	BOTH	Right	LAMI-kids-right-missX.xvd	miss	Cause	Left
8	3	8	1366.1	2130.2	10174	10232	59	BOTH	Right	LAMI-kids-right-missX.xvd	miss	Cause	Left
8	3	9	1431.4	2121.2	10263	10315	53	BOTH	Right	LAMI-kids-right-missX.xvd	miss	Cause	Left
8	3	10	1191.3	1242.7	10491	10647	157	BEFORE	Right	LAMI-kids-right-missX.xvd	miss	Cause	Left
8	3	11	1126	1282	10676	10899	224	NONE	Right	LAMI-kids-right-missX.xvd	miss	Cause	Left
8	3	12	1185.9	1230.5	10919	11619	701	NONE	Right	LAMI-kids-right-missX.xvd	miss	Cause	Left
8	3	13	1317.4	703.4	11680	11879	200	AFTER	Right	LAMI-kids-right-missX.xvd	miss	Cause	Left
8	4	1	969.8	680.4	3814	4006	193	BEFORE	Left	LAMI-kids-left-scoreX.xvd	score	Cause	Left
8	4	2	859.8	599.3	4039	5017	979	AFTER	Left	LAMI-kids-left-scoreX.xvd	score	Cause	Left
8	4	3	-77.8	20	5218	5468	251	BEFORE	Left	LAMI-kids-left-scoreX.xvd	score	Cause	Left
8	4	4	7.4	-39.2	5494	5693	200	NONE	Left	LAMI-kids-left-scoreX.xvd	score	Cause	Left
8	4	5	85.1	36.2	5716	5822	107	NONE	Left	LAMI-kids-left-scoreX.xvd	score	Cause	Left
8	4	6	952.3	634.4	5894	6059	166	NONE	Left	LAMI-kids-left-scoreX.xvd	score	Cause	Left
8	4	7	815	473.3	6094	6346	253	NONE	Left	LAMI-kids-left-scoreX.xvd	score	Cause	Left
8	4	8	1432.9	684.1	6411	6993	583	NONE	Left	LAMI-kids-left-scoreX.xvd	score	Cause	Left
8	4	9	1116.5	517.8	7037	7183	147	NONE	Left	LAMI-kids-left-scoreX.xvd	score	Cause	Left
8	4	10	755.5	422.7	7236	7976	741	AFTER	Left	LAMI-kids-left-scoreX.xvd	score	Cause	Left
8	4	11	1452.1	1241.8	9417	9606	189	BEFORE	Left	LAMI-kids-left-scoreX.xvd	score	Cause	Left
8	5	1	1067.9	565.8	4547	4924	378	BEFORE	Left	LAMI-kids-left-scoreX.xvd	score	Remember	Left
8	5	2	882.4	607.5	4964	5590	627	NONE	Left	LAMI-kids-left-scoreX.xvd	score	Remember	Left
8	5	3	-229.7	1378.9	5672	6145	474	NONE	Left	LAMI-kids-left-scoreX.xvd	score	Remember	Left
8	5	4	800.8	613.1	6223	6411	189	NONE	Left	LAMI-kids-left-scoreX.xvd	score	Remember	Left
8	5	5	753.9	412.2	6445	8057	1613	AFTER	Left	LAMI-kids-left-scoreX.xvd	score	Remember	Left
8	6	1	869.5	329	3239	3612	374	BEFORE	Left	LAMI-kids-left-missX.xvd	miss	What if?	Left
8	6	2	889.7	604.8	3662	3806	145	AFTER	Left	LAMI-kids-left-missX.xvd	miss	What if?	Left
8	6	3	880.9	405.5	4617	4658	42	BOTH	Left	LAMI-kids-left-missX.xvd	miss	What if?	Left
8	6	4	985.1	1409.5	5804	6202	399	BEFORE	Left	LAMI-kids-left-missX.xvd	miss	What if?	Left
8	6	5	826.7	576.1	6276	6474	199	NONE	Left	LAMI-kids-left-missX.xvd	miss	What if?	Left
8	6	6	744.1	608.5	6494	6586	93	AFTER	Left	LAMI-kids-left-missX.xvd	miss	What if?	Left
8	6	7	758.6	633.2	6658	6984	327	BEFORE	Left	LAMI-kids-left-missX.xvd	miss	What if?	Left
8	6	8	697.1	695	7003	7151	149	AFTER	Left	LAMI-kids-left-missX.xvd	miss	What if?	Left
8	6	9	626.4	623.3	7443	8129	687	BEFORE	Left	LAMI-kids-left-missX.xvd	miss	What if?	Left
8	6	10	553.6	818.3	8178	8717	540	NONE	Left	LAMI-kids-left-missX.xvd	miss	What if?	Left
8	6	11	762.4	1264.8	8749	8987	239	NONE	Left	LAMI-kids-left-missX.xvd	miss	What if?	Left
8	6	12	711.2	553.3	9048	9159	111	NONE	Left	LAMI-kids-left-missX.xvd	miss	What if?	Left
8	7	1	875.6	587.2	2831	3196	366	BEFORE	Right	LAMI-kids-right-scoreX.xvd	score	What if?	Right
8	7	2	1013.5	538.2	3219	4174	956	AFTER	Right	LAMI-kids-right-scoreX.xvd	score	What if?	Right
8	7	3	1245.5	218.3	4341	4511	171	BEFORE	Right	LAMI-kids-right-scoreX.xvd	score	What if?	Right
8	7	4	1480.1	-130.7	4567	4969	403	NONE	Right	LAMI-kids-right-scoreX.xvd	score	What if?	Right
8	7	5	1169.3	505.6	5039	5240	202	NONE	Right	LAMI-kids-right-scoreX.xvd	score	What if?	Right
8	7	6	1336.4	541.1	5275	5352	78	AFTER	Right	LAMI-kids-right-scoreX.xvd	score	What if?	Right
8	7	7	1584.1	318	6797	7038	242	BOTH	Right	LAMI-kids-right-scoreX.xvd	score	What if?	Right
8	8	1	1028.5	409.9	30018	30201	184	BEFORE	Right	LAMI-kids-right-missX.xvd	miss	Cause	Left
8	8	2	965.7	663.2	30260	30520	261	NONE	Right	LAMI-kids-right-missX.xvd	miss	Cause	Left
8	8	3	1021.8	385.3	30561	30797	237	AFTER	Right	LAMI-kids-right-missX.xvd	miss	Cause	Left
8	9	1	631.3	257.9	666	949	284	NONE	Left	LAMI-kids-left-missX.xvd	miss	Remember	Left
8	9	2	850.5	544	979	1576	598	AFTER	Left	LAMI-kids-left-missX.xvd	miss	Remember	Left
8	9	3	983.3	712	3343	3484	142	BOTH	Left	LAMI-kids-left-missX.xvd	miss	Remember	Left
8	9	4	1010.6	470.4	3647	4021	375	BEFORE	Left	LAMI-kids-left-missX.xvd	miss	Remember	Left
8	9	5	1552.3	-224.6	4087	4436	350	AFTER	Left	LAMI-kids-left-missX.xvd	miss	Remember	Left
8	10	1	1057.8	479.7	3561	3987	427	BOTH	Right	LAMI-kids-right-scoreX.xvd	score	Remember	Right
8	10	2	1065.9	454.9	4529	4826	298	BEFORE	Right	LAMI-kids-right-scoreX.xvd	score	Remember	Right
8	10	3	1055.5	496.5	4857	5343	487	NONE	Right	LAMI-kids-right-scoreX.xvd	score	Remember	Right
8	10	4	1109.1	483.6	5401	5492	92	NONE	Right	LAMI-kids-right-scoreX.xvd	score	Remember	Right
8	10	5	1148.6	430	5513	5740	228	AFTER	Right	LAMI-kids-right-scoreX.xvd	score	Remember	Right
8	10	6	1196.5	426.8	5952	6280	329	BEFORE	Right	LAMI-kids-right-scoreX.xvd	score	Remember	Right
8	10	7	1510.2	-246.1	6358	6702	345	NONE	Right	LAMI-kids-right-scoreX.xvd	score	Remember	Right
8	10	8	1129.1	405.2	6771	7050	280	NONE	Right	LAMI-kids-right-scoreX.xvd	score	Remember	Right
8	10	9	1296.3	359.2	7075	8316	1242	NONE	Right	LAMI-kids-right-scoreX.xvd	score	Remember	Right
8	10	10	1554.5	-60.6	8374	8563	190	NONE	Right	LAMI-kids-right-scoreX.xvd	score	Remember	Right
8	10	11	1577.7	-99	8578	8794	217	NONE	Right	LAMI-kids-right-scoreX.xvd	score	Remember	Right
8	10	12	1965.7	42	8850	9050	201	NONE	Right	LAMI-kids-right-scoreX.xvd	score	Remember	Right
8	10	13	1928.3	60	9071	9410	339	NONE	Right	LAMI-kids-right-scoreX.xvd	score	Remember	Right
8	11	1	1019.6	726.3	4102	4313	212	BEFORE	Right	LAMI-kids-right-scoreX.xvd	score	Cause	Right
8	11	2	978.6	601.2	4348	4762	415	AFTER	Right	LAMI-kids-right-scoreX.xvd	score	Cause	Right
8	11	3	505.4	168	4909	5278	370	BOTH	Right	LAMI-kids-right-scoreX.xvd	score	Cause	Right
8	11	4	-56.3	-150.7	5410	5639	230	BOTH	Right	LAMI-kids-right-scoreX.xvd	score	Cause	Right
8	11	5	1164.7	460.4	6085	7035	951	BEFORE	Right	LAMI-kids-right-scoreX.xvd	score	Cause	Right
8	11	6	1539.1	44.2	7097	7478	382	NONE	Right	LAMI-kids-right-scoreX.xvd	score	Cause	Right
8	11	7	1090.6	467.6	7537	7946	410	NONE	Right	LAMI-kids-right-scoreX.xvd	score	Cause	Right
8	11	8	1503.8	-108	7998	8412	415	AFTER	Right	LAMI-kids-right-scoreX.xvd	score	Cause	Right
8	11	9	1182	770.1	9485	9598	114	BEFORE	Right	LAMI-kids-right-scoreX.xvd	score	Cause	Right
8	11	10	1308.5	557.7	9634	9804	171	AFTER	Right	LAMI-kids-right-scoreX.xvd	score	Cause	Right
8	12	1	1011	499.5	3693	4051	359	BOTH	Right	LAMI-kids-right-missX.xvd	miss	Remember	Right